--
-- PostgreSQL database dump
--

SET statement_timeout = 0;
SET lock_timeout = 0;
SET client_encoding = 'UTF8';
SET standard_conforming_strings = on;
SET check_function_bodies = false;
SET client_min_messages = warning;

--
-- Name: plpgsql; Type: EXTENSION; Schema: -; Owner: 
--

CREATE EXTENSION IF NOT EXISTS plpgsql WITH SCHEMA pg_catalog;


--
-- Name: EXTENSION plpgsql; Type: COMMENT; Schema: -; Owner: 
--

COMMENT ON EXTENSION plpgsql IS 'PL/pgSQL procedural language';


SET search_path = public, pg_catalog;

SET default_tablespace = '';

SET default_with_oids = false;

--
-- Name: box_stats; Type: TABLE; Schema: public; Owner: seth; Tablespace: 
--

CREATE TABLE box_stats (
    id integer NOT NULL,
    gameid integer NOT NULL,
    teamid text NOT NULL,
    pts integer NOT NULL,
    mp integer NOT NULL,
    fgm integer,
    fga integer,
    tpm integer,
    tpa integer,
    ftm integer,
    fta integer,
    oreb integer,
    dreb integer,
    reb integer,
    ast integer,
    stl integer,
    blk integer,
    turnover integer,
    pf integer
);


ALTER TABLE public.box_stats OWNER TO seth;

--
-- Name: box_stats_id_seq; Type: SEQUENCE; Schema: public; Owner: seth
--

CREATE SEQUENCE box_stats_id_seq
    START WITH 1
    INCREMENT BY 1
    NO MINVALUE
    NO MAXVALUE
    CACHE 1;


ALTER TABLE public.box_stats_id_seq OWNER TO seth;

--
-- Name: box_stats_id_seq; Type: SEQUENCE OWNED BY; Schema: public; Owner: seth
--

ALTER SEQUENCE box_stats_id_seq OWNED BY box_stats.id;


--
-- Name: games; Type: TABLE; Schema: public; Owner: seth; Tablespace: 
--

CREATE TABLE games (
    id integer NOT NULL,
    home_team text NOT NULL,
    away_team text NOT NULL,
    home_outcome text NOT NULL,
    home_score integer NOT NULL,
    away_score integer NOT NULL,
    home_first integer NOT NULL,
    away_first integer NOT NULL,
    home_second integer NOT NULL,
    away_second integer NOT NULL,
    neutral_site boolean NOT NULL,
    officials text,
    attendance integer,
    venue text,
    dt date NOT NULL
);


ALTER TABLE public.games OWNER TO seth;

--
-- Name: games2; Type: TABLE; Schema: public; Owner: seth; Tablespace: 
--

CREATE TABLE games2 (
    id integer,
    home_team text,
    away_team text,
    home_outcome text,
    home_score integer,
    away_score integer,
    home_first integer,
    away_first integer,
    home_second integer,
    away_second integer,
    neutral_site boolean,
    officials text,
    attendance integer,
    venue text,
    dt date,
    home_team_string text,
    away_team_string text
);


ALTER TABLE public.games2 OWNER TO seth;

--
-- Name: games_id_seq; Type: SEQUENCE; Schema: public; Owner: seth
--

CREATE SEQUENCE games_id_seq
    START WITH 1
    INCREMENT BY 1
    NO MINVALUE
    NO MAXVALUE
    CACHE 1;


ALTER TABLE public.games_id_seq OWNER TO seth;

--
-- Name: games_id_seq; Type: SEQUENCE OWNED BY; Schema: public; Owner: seth
--

ALTER SEQUENCE games_id_seq OWNED BY games.id;


--
-- Name: raw_teams; Type: TABLE; Schema: public; Owner: seth; Tablespace: 
--

CREATE TABLE raw_teams (
    id integer NOT NULL,
    yearid integer,
    ncaaid text,
    statsheet text,
    ncaa text,
    espn_name text,
    espn text,
    cbs1 text,
    cbs2 text
);


ALTER TABLE public.raw_teams OWNER TO seth;

--
-- Name: raw_teams_year; Type: TABLE; Schema: public; Owner: seth; Tablespace: 
--

CREATE TABLE raw_teams_year (
    id integer NOT NULL,
    year integer
);


ALTER TABLE public.raw_teams_year OWNER TO seth;

--
-- Name: id; Type: DEFAULT; Schema: public; Owner: seth
--

ALTER TABLE ONLY box_stats ALTER COLUMN id SET DEFAULT nextval('box_stats_id_seq'::regclass);


--
-- Name: id; Type: DEFAULT; Schema: public; Owner: seth
--

ALTER TABLE ONLY games ALTER COLUMN id SET DEFAULT nextval('games_id_seq'::regclass);


--
-- Data for Name: box_stats; Type: TABLE DATA; Schema: public; Owner: seth
--

COPY box_stats (id, gameid, teamid, pts, mp, fgm, fga, tpm, tpa, ftm, fta, oreb, dreb, reb, ast, stl, blk, turnover, pf) FROM stdin;
1	1	2	75	200	22	63	7	25	24	32	11	22	33	9	3	1	10	26
2	1	194	94	200	30	58	7	19	27	37	10	32	42	19	4	2	10	22
3	3	813	93	200	31	57	8	17	23	31	10	34	44	16	6	7	15	21
4	3	127	77	200	29	68	7	16	12	19	11	22	33	12	11	2	13	24
5	4	725	84	200	29	60	9	31	17	21	11	21	32	17	8	5	12	18
6	4	141	69	200	23	56	3	8	20	20	12	23	35	12	8	0	16	22
7	5	310	69	200	24	65	6	22	15	21	16	27	43	12	5	6	14	16
8	5	148	73	200	28	76	7	19	10	15	22	26	48	15	10	8	11	17
9	6	189	61	200	18	44	5	16	20	23	10	27	37	7	8	3	18	23
10	6	302	59	200	21	53	7	23	10	17	11	19	30	14	6	0	15	23
11	7	202	68	200	22	49	7	17	17	22	5	23	28	10	11	2	16	21
12	7	1157	60	200	19	48	4	19	18	24	10	24	34	10	7	3	23	21
13	10	261	58	200	20	61	4	16	14	25	11	26	37	5	8	6	23	24
14	10	176	96	200	34	72	11	21	17	28	19	34	53	17	10	5	18	20
15	11	1104	59	200	18	52	6	24	17	26	13	20	33	9	6	2	10	22
16	11	627	70	200	25	48	5	14	15	19	4	29	33	15	3	5	11	23
17	12	308	80	200	28	65	7	21	17	21	14	21	35	17	6	7	16	21
18	12	175	81	200	29	63	7	13	16	23	15	26	41	14	5	4	14	22
19	14	47	73	200	25	47	7	15	16	21	7	15	22	14	3	3	14	17
20	14	305	82	200	28	50	9	16	17	20	8	19	27	18	7	1	12	18
21	15	346	58	200	24	56	2	10	8	13	4	23	27	9	2	1	13	16
22	15	87	89	200	38	70	4	17	9	19	14	27	41	12	9	4	5	17
23	16	363	44	200	13	57	4	22	14	22	9	18	27	7	9	0	13	19
24	16	648	82	200	28	57	6	20	20	24	12	38	50	13	5	8	15	18
25	17	1014	48	200	20	48	4	14	4	10	10	28	38	8	0	4	21	22
26	17	367	70	200	26	68	4	18	14	23	20	21	41	13	12	6	3	14
27	18	649	89	200	23	55	6	18	37	50	18	16	34	9	9	2	21	25
28	18	370	98	200	34	59	5	16	25	31	11	20	31	16	12	4	18	37
29	19	381	99	250	33	73	12	27	21	29	24	27	51	26	7	6	19	30
30	19	340	90	250	27	65	6	19	30	40	14	19	33	24	5	5	12	20
31	21	446	50	200	20	65	3	18	7	15	12	22	34	7	4	1	12	22
32	21	518	89	200	31	65	11	25	16	22	17	38	55	18	3	5	16	16
33	22	6	52	200	15	56	8	32	14	20	9	18	27	7	4	2	8	28
34	22	473	88	200	31	53	4	13	22	39	13	35	48	19	4	8	9	18
35	23	482	72	200	19	51	2	17	32	50	11	30	41	6	6	2	16	37
36	23	635	83	200	24	50	2	9	33	52	8	28	36	11	7	2	13	36
37	24	485	83	200	32	72	8	19	11	15	21	20	41	19	3	6	10	25
38	24	699	95	200	33	56	8	17	21	32	9	22	31	21	2	7	6	14
39	25	201	55	200	16	53	2	18	21	38	13	22	35	4	7	4	7	23
40	25	509	72	200	20	43	10	21	22	29	6	35	41	16	1	4	12	26
41	26	504	64	200	19	49	6	22	20	27	12	22	34	11	3	4	12	15
42	26	519	75	200	27	52	11	23	10	14	5	23	28	16	7	6	6	18
43	27	748	62	200	20	67	2	23	20	27	11	33	44	10	4	3	5	29
44	27	539	74	200	19	53	6	16	30	43	9	38	47	10	3	5	6	22
45	29	272	77	200	27	63	7	22	16	27	7	24	31	9	8	3	15	35
46	29	562	82	200	24	52	4	11	30	48	9	38	47	10	7	4	18	29
47	31	590	54	200	15	61	5	26	19	29	14	17	31	8	11	2	9	24
48	31	220	67	200	22	43	5	14	18	26	9	37	46	13	3	10	26	24
49	33	632	66	200	19	51	5	16	23	38	11	25	36	8	2	4	10	32
50	33	579	86	200	23	55	11	21	29	45	17	29	46	15	4	2	9	27
51	34	650	46	200	15	45	4	18	12	19	7	21	28	8	4	0	17	21
52	34	596	68	200	24	57	4	15	16	23	16	27	43	13	8	2	10	19
53	35	692	62	200	22	60	6	22	12	22	17	21	38	12	5	3	16	27
54	35	651	72	200	22	50	3	8	25	40	15	26	41	13	9	5	14	21
55	36	690	78	200	27	68	6	24	18	24	20	29	49	16	3	8	13	17
56	36	540	73	200	29	64	5	14	10	16	11	24	35	16	7	1	10	21
57	37	691	55	200	21	55	3	7	10	19	10	13	23	7	7	4	9	19
58	37	472	70	200	22	47	4	14	22	28	12	29	41	11	3	7	17	15
59	39	393	54	200	18	51	3	15	15	23	13	16	29	6	4	2	11	13
60	39	158	73	200	25	51	10	24	13	15	11	23	34	17	5	3	12	18
61	41	501	74	200	25	59	6	25	18	21	12	24	36	14	8	5	17	22
62	41	706	63	200	21	49	2	14	19	29	10	23	33	8	7	3	20	21
63	43	721	63	200	23	53	5	22	12	19	7	26	33	9	8	0	17	20
64	43	741	71	200	25	61	5	26	16	26	12	27	39	11	10	4	12	20
65	45	10411	64	200	24	64	5	16	11	16	14	25	39	14	4	9	9	16
66	45	742	63	200	23	59	8	22	9	18	12	27	39	11	3	6	10	12
67	46	771	63	200	22	49	2	11	17	28	7	22	29	10	6	3	10	24
68	46	295	67	200	20	49	7	19	20	29	9	26	35	10	5	0	12	22
69	47	774	68	200	20	47	8	23	20	28	6	16	22	6	4	2	11	25
70	47	277	78	200	24	53	7	21	23	29	12	24	36	11	2	3	13	21
71	48	231	72	225	25	64	8	21	14	20	19	25	44	13	6	1	12	16
72	48	817	74	225	27	58	11	29	9	13	8	25	33	17	6	4	11	20
73	50	67	73	200	24	54	8	20	17	22	9	19	28	14	5	4	16	23
74	50	400	86	200	32	66	6	11	16	24	20	23	43	9	10	3	13	21
75	51	7	59	200	23	60	3	24	10	21	12	15	27	10	11	1	12	19
76	51	72	85	200	32	54	6	17	15	24	13	30	43	13	10	2	18	19
77	52	165	78	200	25	58	10	25	18	27	11	29	40	15	7	3	11	20
78	52	528	73	200	23	59	7	27	20	28	10	26	36	13	7	2	9	21
79	53	369	93	225	30	74	9	24	24	34	16	32	48	14	8	5	7	20
80	53	167	89	225	34	73	8	21	13	27	14	32	46	15	3	5	9	22
81	54	231	66	200	23	54	3	12	17	24	12	23	35	7	8	3	8	16
82	54	1157	58	200	22	61	9	26	5	9	19	24	43	14	0	6	15	20
83	55	228	50	200	18	55	1	11	13	17	9	24	33	5	7	3	7	17
84	55	554	67	200	21	54	12	31	13	16	12	30	42	15	0	3	11	15
85	57	315	62	200	23	70	4	20	12	23	25	19	44	8	2	2	8	20
86	57	301	86	200	32	61	4	12	18	28	14	23	37	14	2	11	5	19
87	58	505	63	200	21	64	9	35	12	15	9	14	23	7	2	0	7	25
88	58	334	93	200	30	55	7	22	26	38	16	35	51	12	3	5	12	14
89	60	1068	75	200	30	60	10	27	5	9	5	27	32	17	8	4	11	21
90	60	386	48	200	15	48	0	14	18	26	9	28	37	1	6	0	18	15
91	61	665	75	200	25	51	10	22	15	23	7	18	25	16	4	1	15	36
92	61	419	78	200	18	47	6	15	36	55	15	23	38	9	8	0	10	20
93	62	500	69	200	27	59	6	18	9	13	12	29	41	16	3	6	17	17
94	62	68	72	200	24	57	6	18	18	20	6	24	30	10	8	0	10	16
95	63	678	49	200	18	56	7	23	6	8	10	17	27	15	2	3	13	16
96	63	513	80	200	32	57	9	17	7	11	8	30	38	22	7	4	7	15
97	64	464	75	200	28	71	8	28	11	16	17	20	37	14	11	2	16	30
98	64	312	83	200	21	56	3	14	38	49	20	29	49	12	7	7	18	15
99	65	527	74	200	22	57	1	7	29	37	17	28	45	6	8	6	17	25
100	65	719	68	200	25	50	1	9	17	36	6	22	28	8	10	5	14	27
101	66	1356	78	200	30	67	7	21	11	19	13	28	41	9	6	4	13	29
102	66	756	88	200	25	61	5	20	33	41	10	27	37	14	6	4	9	20
103	69	695	65	200	22	63	12	29	9	17	10	16	26	13	5	1	12	24
104	69	157	91	200	29	49	5	14	28	34	9	37	46	19	8	3	18	18
105	70	817	75	200	22	54	9	26	22	29	13	32	45	16	4	1	13	24
106	70	202	67	199	19	54	8	30	21	29	8	22	30	8	7	0	11	24
107	71	2	47	200	14	40	4	16	15	26	11	17	28	7	2	1	18	30
108	71	596	75	200	25	56	2	14	23	32	18	22	40	15	7	7	9	23
109	72	99	57	200	17	63	5	23	18	26	15	14	29	12	5	1	9	20
110	72	29	91	200	34	58	7	17	16	24	11	34	45	22	6	5	11	18
111	73	77	112	200	38	71	8	15	28	43	14	25	39	23	8	3	11	24
112	73	674	103	200	34	74	9	27	26	34	17	22	39	14	5	4	16	28
113	76	156	61	200	18	56	5	17	20	28	12	21	33	8	6	1	9	17
114	76	260	93	200	34	59	14	31	11	16	9	30	39	16	7	3	10	19
115	77	2707	70	200	29	77	7	24	5	9	11	24	35	13	10	2	8	23
116	77	169	96	200	35	68	13	28	13	21	13	38	51	27	3	5	14	9
117	78	797	81	200	23	53	3	17	32	40	10	28	38	10	7	3	14	19
118	78	173	77	200	29	66	8	21	11	15	12	23	35	13	7	2	14	26
119	79	178	50	200	19	56	6	22	6	9	11	17	28	12	3	1	12	19
120	79	255	68	200	24	45	2	10	18	20	4	26	30	19	5	7	12	11
121	81	288	77	200	27	52	3	13	20	30	12	27	39	17	9	2	16	18
122	81	536	65	200	22	51	4	17	17	27	9	19	28	10	3	1	14	24
123	84	30	65	200	21	55	9	23	14	21	8	24	32	11	5	3	12	13
124	84	314	61	200	26	63	2	12	7	13	14	32	46	6	7	7	15	22
125	88	501	68	200	23	55	5	17	17	21	8	15	23	5	4	0	12	13
126	88	700	88	200	35	60	12	22	6	9	9	24	33	19	5	4	10	17
127	89	497	82	200	30	67	8	18	14	20	11	28	39	13	4	2	16	22
128	89	522	95	200	36	68	8	18	15	24	9	27	36	15	10	5	11	18
129	90	693	78	200	22	61	10	28	24	31	10	24	34	5	6	4	10	26
130	90	563	89	200	29	56	6	12	25	39	12	33	45	16	5	2	17	24
131	91	572	58	200	20	65	2	15	16	24	19	21	40	10	5	4	20	23
132	91	663	89	200	36	65	6	13	11	24	15	30	45	21	8	9	14	19
133	92	726	57	200	22	50	3	14	10	13	12	26	38	8	3	4	17	23
134	92	600	60	200	20	46	5	14	15	26	5	19	24	13	10	0	7	21
135	94	650	66	200	22	59	5	18	17	20	12	28	40	14	5	1	12	17
136	94	116	71	200	24	66	10	28	13	18	17	26	43	12	5	3	10	18
137	96	599	59	200	21	53	5	19	12	20	9	29	38	8	6	3	17	24
138	96	229	57	200	18	52	1	8	20	30	9	28	37	9	5	1	15	18
139	97	331	81	200	26	60	11	22	18	28	11	28	39	10	3	4	7	21
140	97	690	77	200	30	65	5	19	12	19	11	29	40	15	3	7	7	20
141	98	432	67	200	19	62	5	17	24	31	12	19	31	9	7	0	10	21
142	98	697	91	200	35	58	5	17	16	24	7	34	41	15	6	12	12	24
143	100	587	76	200	25	58	7	21	19	26	5	22	27	14	5	6	3	25
144	100	9	79	200	27	64	2	14	23	34	22	32	54	11	1	2	9	20
145	101	2711	72	200	25	58	8	22	14	17	14	27	41	16	2	3	15	19
146	101	32	70	200	23	57	6	20	18	21	9	20	29	13	4	3	7	18
147	102	813	62	200	20	63	6	19	16	25	22	21	43	11	4	4	14	24
148	102	164	80	200	26	46	11	17	17	23	4	27	31	16	7	13	11	23
149	103	488	71	200	26	55	6	18	13	23	12	21	33	10	5	6	13	30
150	103	30024	78	200	23	50	5	14	27	40	13	25	38	15	7	7	9	21
151	104	456	67	200	20	50	7	19	20	27	17	20	37	11	6	7	18	19
152	104	769	74	200	26	63	7	14	15	24	21	17	38	11	13	6	11	20
153	105	772	49	200	18	63	7	30	6	12	20	22	42	8	3	3	17	22
154	105	782	66	200	24	52	3	11	15	22	10	30	40	16	9	12	12	16
155	106	26172	50	200	18	63	6	22	8	12	14	25	39	9	6	1	11	18
156	106	311	80	200	28	53	11	25	13	21	7	33	40	18	5	3	11	15
157	108	648	64	200	18	50	3	8	25	36	11	24	35	14	9	4	8	29
158	108	51	66	200	19	50	6	17	22	41	18	28	46	12	4	6	15	26
159	110	183	50	200	16	46	8	24	10	12	3	17	20	13	2	5	14	21
160	110	107	77	200	28	56	2	7	19	25	12	28	40	11	9	4	6	11
161	111	115	73	200	24	49	8	23	17	25	9	27	36	14	3	4	11	19
162	111	27	66	200	26	62	5	19	9	22	17	22	39	7	6	3	9	24
163	112	129	70	200	24	68	6	30	16	20	12	16	28	12	6	0	6	19
164	112	72	80	200	31	61	4	16	14	17	16	34	50	12	2	4	19	22
165	113	458	82	200	28	59	3	8	23	37	13	22	35	11	10	2	10	18
166	113	1014	83	200	31	63	12	28	9	18	14	26	40	12	5	3	15	25
167	115	490	57	200	19	58	7	19	12	21	16	20	36	7	5	3	8	23
168	115	140	68	200	21	53	3	8	23	31	17	26	43	7	5	9	11	23
169	118	219	84	200	26	49	4	9	28	31	7	25	32	16	2	3	10	24
170	118	2699	78	200	29	59	6	20	14	23	10	18	28	10	2	4	6	23
171	119	272	51	200	21	51	4	23	5	12	5	25	30	6	4	1	12	14
172	119	28755	65	200	27	53	4	13	7	12	5	29	34	13	3	2	8	15
173	121	235	53	200	19	47	5	14	10	17	6	22	28	7	6	1	11	18
174	121	796	59	200	21	48	9	20	8	14	8	23	31	11	3	2	14	17
175	122	236	74	200	21	48	11	27	21	30	7	22	29	16	6	3	19	30
176	122	688	89	200	29	65	2	16	29	42	22	26	48	12	15	3	11	25
177	123	1092	64	200	24	59	3	16	13	19	16	19	35	8	6	2	13	26
178	123	244	75	200	26	58	5	13	18	27	17	23	40	6	5	5	10	17
179	124	261	71	200	20	70	9	30	22	31	19	22	41	12	3	5	14	28
180	124	387	114	200	45	82	5	18	19	31	21	35	56	33	5	3	7	24
181	126	191	78	200	28	60	6	16	16	23	10	32	42	12	3	6	9	24
182	126	299	70	200	21	65	5	20	23	35	17	27	44	9	4	2	9	23
183	127	361	72	200	23	55	7	21	19	27	9	26	35	12	4	3	15	19
184	127	306	73	200	27	71	7	26	12	17	20	28	48	13	7	2	14	22
185	129	315	75	200	24	55	11	21	16	24	9	25	34	10	5	0	13	18
186	129	136	79	200	28	57	9	20	14	23	9	26	35	15	9	1	10	20
187	130	328	94	200	32	57	3	8	27	35	9	30	39	18	7	3	10	24
188	130	193	83	200	30	58	7	18	16	28	5	19	24	15	5	1	10	29
189	131	416	78	200	30	63	5	12	13	17	10	22	32	17	13	3	7	27
190	131	334	74	200	25	55	4	20	20	36	18	26	44	8	1	6	17	19
191	132	365	90	200	34	76	7	22	15	25	16	27	43	20	7	8	13	29
192	132	400	92	200	29	61	6	13	28	40	10	30	40	16	5	5	13	25
193	133	579	90	200	36	73	11	24	7	10	16	17	33	10	9	2	8	17
194	133	342	81	200	27	59	9	30	18	20	15	23	38	10	2	2	13	13
195	134	248	68	200	27	50	8	17	6	13	10	26	36	15	9	4	19	19
196	134	346	54	200	19	53	2	11	14	16	10	18	28	9	7	2	15	15
197	135	363	82	200	29	53	9	16	15	20	9	21	30	15	3	1	16	26
198	135	698	79	200	25	54	4	12	25	34	12	19	31	15	4	2	12	23
199	136	380	81	200	32	74	5	19	12	24	15	21	36	14	11	2	11	24
200	136	249	108	200	38	70	11	28	21	28	16	33	49	21	3	9	13	19
201	137	381	71	200	19	39	10	12	23	40	9	24	33	10	4	5	16	27
202	137	158	70	200	22	46	4	15	22	35	9	22	31	10	7	4	11	30
203	139	402	66	200	23	69	11	26	9	12	16	25	41	9	8	5	17	18
204	139	671	92	200	35	68	6	17	16	26	14	32	46	11	14	5	10	16
205	140	414	54	200	19	58	4	20	12	14	4	23	27	9	8	4	10	16
206	140	28	90	200	35	63	16	31	4	13	11	37	48	26	5	7	13	14
207	141	441	58	200	20	50	6	22	12	22	5	24	29	10	3	4	13	26
208	141	428	84	200	27	61	11	25	19	28	14	31	45	14	9	7	8	21
209	142	659	59	200	25	59	6	20	3	9	9	28	37	11	4	0	14	21
210	142	434	72	200	24	53	7	18	17	27	8	29	37	10	6	3	12	18
211	143	540	79	200	26	58	6	16	21	31	11	32	43	15	13	5	22	22
212	143	439	73	200	25	71	7	19	16	29	23	26	49	10	13	6	21	25
213	144	446	75	200	30	70	4	15	11	21	17	13	30	8	8	2	9	27
214	144	711	95	200	28	49	9	16	30	39	10	29	39	17	5	6	15	22
215	146	471	65	200	26	51	5	13	8	12	7	21	28	11	6	3	11	18
216	146	14	71	200	24	54	8	21	15	20	11	20	31	16	6	3	8	15
217	147	466	60	200	21	56	6	16	12	17	11	19	30	5	9	2	9	15
218	147	90	58	200	22	50	5	21	9	12	11	26	37	13	5	3	17	17
219	148	472	95	200	30	52	6	14	29	40	9	31	40	13	4	6	18	22
220	148	277	88	200	30	70	7	20	21	30	12	15	27	12	9	6	9	26
221	149	519	69	200	24	54	5	17	16	21	11	22	33	6	2	1	14	34
222	149	518	79	200	18	44	5	18	38	51	12	22	34	9	4	4	9	21
223	150	109	79	200	24	48	6	18	25	40	6	27	33	14	3	4	14	36
224	150	534	84	200	25	62	3	14	31	37	14	25	39	15	3	1	8	30
225	151	96	54	200	19	51	6	23	10	16	5	20	25	15	3	5	15	17
226	151	545	75	200	30	67	0	11	15	21	18	30	48	17	7	2	10	13
227	152	562	67	200	23	60	4	13	17	25	13	30	43	8	3	5	10	22
228	152	340	73	200	25	65	3	9	20	29	15	28	43	14	7	2	4	17
229	153	576	78	200	21	53	7	18	29	35	13	16	29	10	4	4	8	19
230	153	352	92	200	30	51	14	23	18	24	7	23	30	20	2	1	10	28
231	154	630	77	200	24	55	7	23	22	29	10	24	34	12	3	4	15	26
232	154	631	89	200	28	60	6	16	27	40	16	26	42	15	4	3	11	23
233	156	646	77	200	25	59	13	33	14	16	10	20	30	12	6	4	15	19
234	156	703	84	200	33	68	6	14	12	19	16	24	40	14	6	6	12	14
235	157	647	59	200	21	59	6	14	11	19	8	22	30	11	6	4	9	13
236	157	418	93	200	31	61	15	28	16	19	9	34	43	19	6	5	9	15
237	158	61	65	200	21	72	10	28	13	15	20	23	43	9	2	2	18	22
238	158	651	91	200	31	63	4	17	25	32	11	31	42	22	11	8	10	17
239	159	655	63	200	23	49	4	14	13	21	5	27	32	9	6	0	13	19
240	159	574	62	200	21	49	4	18	16	23	6	25	31	11	3	0	12	18
241	161	676	64	200	23	51	6	16	12	25	12	17	29	9	6	3	12	22
242	161	670	57	200	20	49	2	11	15	23	13	21	34	6	7	4	17	21
243	162	694	63	200	24	57	8	19	7	19	14	20	34	13	6	7	11	25
244	162	812	67	200	26	54	2	8	13	24	14	26	40	12	4	5	16	19
245	163	625	75	200	23	60	10	23	19	27	10	25	35	15	2	1	15	23
246	163	702	88	200	31	62	6	15	20	30	12	30	42	14	4	8	11	19
247	164	514	60	200	20	65	6	25	14	15	11	17	28	10	9	3	14	20
248	164	110	91	200	32	61	5	21	22	29	15	34	49	21	11	5	12	14
249	165	196	85	200	27	67	6	21	25	28	12	19	31	7	11	5	9	25
250	165	459	84	200	26	52	6	12	26	35	13	30	43	14	5	1	19	24
251	166	104	86	200	29	52	9	14	19	26	7	34	41	14	3	4	9	20
252	166	465	65	200	23	63	8	24	11	20	13	20	33	14	3	3	9	20
253	167	667	57	200	16	53	3	15	22	26	6	16	22	8	2	6	7	24
254	167	731	90	200	28	48	5	8	29	38	11	33	44	16	3	6	9	19
255	168	30024	40	200	14	48	5	24	7	9	7	24	31	11	3	2	23	20
256	168	521	93	200	31	66	14	33	17	22	15	28	43	19	18	6	7	13
257	169	741	71	200	20	70	9	30	22	32	14	23	37	12	7	6	11	29
258	169	749	98	200	34	64	2	15	28	41	15	42	57	20	1	5	14	23
259	170	254	80	200	28	61	6	22	18	25	12	22	34	12	4	5	7	19
260	170	736	86	200	30	54	10	21	16	27	7	23	30	20	4	3	9	20
261	171	639	66	200	20	60	2	10	24	29	18	17	35	9	12	4	16	37
262	171	738	77	200	19	44	6	14	33	42	14	25	39	12	5	4	21	26
263	172	740	59	200	24	58	5	14	6	15	8	20	28	7	9	2	13	27
264	172	746	56	200	18	46	1	8	19	33	12	29	41	9	4	8	19	21
265	173	768	82	200	25	70	11	24	21	33	17	26	43	14	7	1	11	28
266	173	742	87	200	26	57	5	15	30	38	10	33	43	7	0	13	16	25
267	174	771	47	200	17	45	4	19	9	15	5	25	30	7	5	2	15	18
268	174	463	62	200	22	50	5	13	13	22	8	26	34	6	7	1	9	16
269	175	355	72	200	28	60	8	20	8	10	12	16	28	16	7	3	14	20
270	175	786	84	200	32	53	6	19	14	22	9	21	30	18	7	6	11	12
271	178	116	81	225	30	67	10	21	11	12	10	21	31	14	12	3	14	19
272	178	513	87	225	31	66	8	19	17	21	16	28	44	17	6	2	16	12
273	179	255	58	200	23	51	4	17	8	10	13	28	41	10	4	7	16	16
274	179	458	55	200	20	60	6	18	9	14	16	16	32	11	9	1	8	13
275	180	136	58	200	19	50	10	24	10	17	7	15	22	11	5	1	10	22
276	180	169	90	200	27	48	16	25	20	22	7	28	35	24	2	4	10	16
277	181	454	51	200	19	53	4	19	9	13	8	16	24	10	4	3	10	23
278	181	175	72	200	27	52	6	13	12	24	16	28	44	17	3	4	13	18
279	182	306	80	225	23	56	10	22	24	30	14	29	43	11	3	6	23	22
280	182	301	83	225	31	69	2	17	19	26	12	19	31	7	12	5	10	21
281	183	416	79	200	29	66	10	20	11	13	15	30	45	16	5	6	13	17
282	183	539	63	200	20	52	9	21	14	22	6	20	26	8	6	7	12	14
283	184	463	57	200	20	67	5	18	12	18	17	27	44	9	10	1	12	28
284	184	312	67	200	22	48	1	6	22	39	10	32	42	10	6	8	15	17
285	185	518	78	200	29	65	4	22	16	24	10	27	37	21	7	6	6	17
286	185	559	69	200	28	67	3	14	10	16	15	31	46	14	2	6	12	19
287	186	418	63	200	20	44	7	17	16	22	5	19	24	16	8	6	10	17
288	186	428	60	200	21	53	5	19	13	19	15	23	38	16	9	4	15	18
289	187	796	76	200	32	58	5	16	7	10	9	29	38	16	6	4	4	15
290	187	509	49	200	19	55	3	16	8	11	9	18	27	8	2	5	7	12
291	188	416	73	200	28	59	10	24	7	11	10	24	34	14	12	9	11	21
292	188	306	56	200	19	48	5	10	13	20	10	22	32	8	6	1	15	12
293	189	463	53	200	21	56	4	15	7	12	10	22	32	7	3	1	13	23
294	189	518	84	200	27	50	9	19	21	29	5	28	33	14	7	5	7	15
295	190	539	55	200	17	57	5	19	16	22	11	22	33	3	5	7	11	26
296	190	301	75	200	20	56	7	23	28	35	13	31	44	10	8	3	8	20
297	191	559	79	200	25	63	9	21	20	28	21	15	36	15	8	3	8	20
298	191	428	82	200	24	46	11	24	23	27	9	21	30	14	5	8	13	19
299	192	509	51	200	19	49	6	23	7	8	4	17	21	12	3	3	12	16
300	192	418	74	200	25	48	6	18	18	22	7	26	33	15	6	1	9	13
301	193	312	71	200	25	64	4	10	17	25	16	26	42	10	7	5	10	23
302	193	796	75	200	20	53	10	22	25	35	11	24	35	11	2	6	12	22
303	194	518	68	225	24	58	4	18	16	24	15	27	42	14	8	5	21	16
304	194	416	72	225	26	57	11	19	9	14	7	21	28	16	9	5	17	18
305	195	428	68	200	21	51	4	16	22	34	12	27	39	9	7	7	14	25
306	195	539	65	200	22	58	3	19	18	29	14	25	39	10	4	7	14	28
307	196	301	70	200	25	79	5	19	15	19	25	23	48	4	3	0	8	23
308	196	796	95	200	32	57	8	19	23	33	5	30	35	11	5	3	4	14
309	197	418	71	200	31	50	6	17	3	9	4	16	20	16	4	1	9	13
310	197	463	70	200	26	49	7	20	11	12	8	18	26	10	5	2	13	12
311	198	509	67	200	23	59	5	24	16	25	10	18	28	4	6	2	13	28
312	198	312	93	200	29	51	8	14	27	36	10	31	41	22	10	6	15	20
313	199	306	79	200	21	58	8	20	29	35	18	19	37	13	3	4	13	19
314	199	539	76	200	24	55	8	23	20	26	13	19	32	10	3	4	12	28
315	200	428	75	225	23	57	10	26	19	24	6	26	32	13	4	4	12	26
316	200	416	87	225	24	59	7	21	32	40	13	31	44	16	10	10	7	17
317	201	312	84	200	29	61	5	17	21	26	12	28	40	14	5	4	10	18
318	201	518	74	200	25	56	7	21	17	24	8	23	31	15	8	1	17	22
319	202	301	43	200	18	64	4	19	3	6	14	26	40	11	8	4	6	16
320	202	509	49	200	16	43	7	21	10	17	4	32	36	13	1	2	11	13
321	203	463	64	200	24	58	4	16	12	18	7	27	34	12	6	5	9	19
322	203	559	70	200	24	52	5	13	17	28	7	31	38	15	4	5	12	15
323	204	796	72	200	32	60	7	23	1	4	8	20	28	13	4	4	10	16
324	204	306	75	200	32	62	4	14	7	10	11	22	33	14	5	5	9	12
325	205	539	67	200	26	53	5	19	10	13	8	18	26	8	2	2	9	17
326	205	418	80	200	28	52	9	24	15	19	8	20	28	18	3	1	6	10
327	206	416	54	200	20	52	2	16	12	20	14	25	39	13	7	5	7	16
328	206	509	40	200	13	46	5	23	9	12	11	24	35	7	2	7	12	15
329	207	559	66	200	26	62	4	19	10	12	16	26	42	9	6	4	9	17
330	207	301	58	200	20	52	7	21	11	18	9	19	28	7	6	3	12	14
331	208	518	53	200	18	51	6	16	11	18	8	16	24	11	8	3	13	18
332	208	428	63	200	24	47	3	14	12	16	11	28	39	13	12	4	18	18
333	209	416	78	200	29	52	6	15	14	22	9	29	38	15	5	7	13	16
334	209	301	62	200	23	61	7	23	9	10	9	16	25	8	5	1	9	21
335	210	509	54	200	19	51	5	16	11	17	6	34	40	5	4	8	10	19
336	210	306	47	200	15	60	4	18	13	17	13	28	41	6	5	2	9	19
337	211	539	64	200	22	60	7	26	13	18	9	24	33	11	6	9	11	24
338	211	559	65	200	18	57	7	22	22	30	17	27	44	11	5	8	16	20
339	212	418	77	200	29	53	7	13	12	14	3	28	31	12	6	7	11	14
340	212	796	70	200	26	60	7	18	11	14	8	22	30	11	4	2	9	15
341	213	428	73	200	26	58	5	16	16	24	12	21	33	11	7	5	13	29
342	213	312	94	200	29	59	9	20	27	37	14	26	40	12	6	1	10	21
343	214	518	62	200	21	53	6	21	14	21	7	20	27	9	9	4	13	25
344	214	463	68	200	23	46	2	13	20	26	6	27	33	6	8	2	17	18
345	215	306	66	200	20	46	4	10	22	26	9	24	33	9	9	3	18	23
346	215	416	71	200	23	51	6	18	19	28	8	20	28	14	12	6	14	22
347	216	559	60	250	16	58	8	21	20	29	15	33	48	10	3	6	14	18
348	216	509	63	250	22	62	4	24	15	22	9	33	42	9	5	10	9	20
349	217	312	67	200	25	53	2	10	15	21	10	23	33	14	6	2	14	17
350	217	418	75	200	27	58	8	27	13	16	10	22	32	15	9	2	10	16
351	218	796	68	200	22	50	5	20	19	23	9	13	22	8	4	3	6	14
352	218	428	81	200	33	56	4	7	11	11	10	22	32	16	6	3	7	21
353	219	301	55	200	21	51	5	18	8	12	11	21	32	10	5	4	15	16
354	219	518	62	200	20	48	8	19	14	19	10	21	31	11	10	3	12	13
355	220	463	54	200	19	53	10	23	6	10	11	29	40	10	3	3	14	17
356	220	539	58	200	20	57	5	21	13	17	11	24	35	9	6	4	5	12
357	221	418	80	200	22	49	11	19	25	30	11	24	35	14	1	3	11	16
358	221	416	75	200	26	56	7	17	16	23	10	19	29	18	8	5	5	22
359	222	312	76	200	28	54	5	12	15	20	13	31	44	17	7	3	15	12
360	222	509	50	200	20	55	4	20	6	9	5	15	20	12	8	7	10	18
361	223	796	72	200	19	46	7	20	27	33	7	30	37	11	6	6	9	16
362	223	559	58	200	23	65	3	17	9	13	14	23	37	13	3	3	8	24
363	224	301	46	200	18	54	5	23	5	6	4	24	28	5	6	5	13	19
364	224	306	56	200	20	49	3	12	13	19	9	33	42	10	5	3	13	10
365	225	428	78	200	26	53	10	20	16	25	8	24	32	12	9	3	13	24
366	225	463	82	200	25	50	11	22	21	33	7	25	32	19	8	3	11	20
367	226	416	71	225	25	59	10	29	11	20	11	27	38	12	5	5	11	29
368	226	312	69	225	18	48	3	12	30	43	10	28	38	7	4	5	10	19
369	227	509	65	200	23	48	7	16	12	16	3	36	39	14	6	3	14	24
370	227	796	56	200	15	57	5	24	21	27	9	24	33	10	10	5	9	17
371	228	539	71	225	28	58	9	25	6	9	10	24	34	10	2	8	14	19
372	228	518	70	225	21	55	5	16	23	29	11	21	32	9	10	2	8	10
373	229	306	55	200	20	44	5	15	10	14	10	21	31	11	6	0	19	18
374	229	463	60	200	19	44	8	19	14	19	6	16	22	10	7	2	14	15
375	230	559	66	200	28	65	2	14	8	15	16	16	32	12	8	1	11	19
376	230	418	75	200	28	46	7	13	12	17	5	25	30	10	7	6	16	14
377	231	312	81	200	26	56	5	16	24	30	15	26	41	13	10	5	15	22
378	231	301	74	200	25	56	6	15	18	23	8	20	28	12	6	6	12	24
379	232	509	55	200	20	46	8	21	7	7	4	21	25	10	5	2	9	14
380	232	428	54	200	23	50	3	14	5	9	8	22	30	15	9	2	8	13
381	233	518	59	200	21	49	5	9	12	18	9	22	31	9	4	2	8	23
382	233	796	58	200	18	45	3	17	19	29	10	24	34	7	3	1	7	14
383	234	418	52	200	18	45	3	13	13	18	8	14	22	8	4	2	10	15
384	234	306	63	200	23	43	8	13	9	15	9	22	31	6	5	2	13	15
385	235	559	68	200	25	59	3	11	15	20	11	25	36	12	5	3	14	29
386	235	539	79	200	24	58	5	20	26	34	14	26	40	9	2	4	12	22
387	236	518	76	200	25	49	7	16	19	24	4	21	25	12	10	2	13	20
388	236	312	69	200	27	60	3	20	12	19	15	23	38	11	3	5	13	20
389	237	796	75	200	22	46	10	23	21	26	9	22	31	13	4	2	11	18
390	237	301	63	200	21	52	4	10	17	21	8	17	25	7	5	3	9	23
391	238	463	50	200	19	54	5	21	7	11	8	18	26	7	7	1	11	14
392	238	418	79	200	26	52	13	31	14	14	8	27	35	21	5	1	13	10
393	239	428	74	275	29	69	5	21	11	15	13	27	40	18	10	6	14	19
394	239	559	77	275	31	73	6	18	9	23	23	27	50	22	8	9	15	14
395	240	539	67	200	21	57	5	22	20	23	8	22	30	10	5	2	8	15
396	240	416	82	200	28	60	12	23	14	18	13	29	42	22	7	6	10	22
397	242	306	60	200	22	50	5	14	11	16	11	24	35	8	7	8	16	13
398	242	428	66	200	26	58	5	16	9	11	9	21	30	14	7	5	10	15
399	243	463	53	200	19	47	7	20	8	14	5	26	31	9	7	2	12	15
400	243	509	49	200	17	46	8	22	7	10	4	27	31	13	6	2	13	13
401	244	559	49	200	21	50	5	13	2	5	10	23	33	10	3	3	15	17
402	244	518	67	200	25	54	8	19	9	13	9	21	30	15	5	4	7	13
403	245	301	60	200	19	49	7	22	15	23	8	25	33	10	5	4	6	15
404	245	539	55	200	21	55	5	18	8	11	11	23	34	9	2	1	6	20
405	246	416	58	200	24	60	5	19	5	9	9	22	31	9	6	2	11	17
406	246	796	60	200	19	42	9	23	13	20	3	26	29	10	5	3	14	13
407	248	418	67	200	22	52	9	25	14	18	9	20	29	13	3	4	12	13
408	248	312	85	200	29	61	10	17	17	22	15	23	38	22	9	7	7	14
409	254	418	70	200	22	53	8	17	18	22	14	25	39	8	2	0	9	14
410	254	518	60	200	23	52	3	20	11	16	8	19	27	7	4	2	8	17
411	255	301	58	200	18	49	4	17	18	26	14	22	36	9	6	1	14	20
412	255	463	67	200	19	43	5	15	24	27	5	23	28	7	6	4	10	23
413	256	539	66	200	22	54	8	19	14	18	11	13	24	13	11	1	15	22
414	256	306	65	200	21	41	5	13	18	24	7	23	30	14	4	7	20	14
415	257	428	70	200	23	51	9	17	15	20	6	22	28	11	2	1	13	26
416	257	796	78	200	21	43	6	15	30	36	3	23	26	8	7	1	7	15
417	258	509	70	200	24	52	9	24	13	16	6	18	24	13	2	2	9	15
418	258	416	85	200	32	60	11	21	10	14	13	24	37	22	5	1	7	18
419	259	518	48	200	18	47	3	13	9	15	6	28	34	6	10	7	11	12
420	259	301	39	200	15	53	5	16	4	4	9	27	36	8	3	5	13	15
421	260	306	64	200	19	59	8	23	18	24	13	22	35	8	6	3	14	22
422	260	559	82	200	25	52	10	18	22	29	10	29	39	13	8	7	15	23
423	261	312	82	200	22	55	7	19	31	40	13	27	40	13	4	10	6	18
424	261	539	70	200	26	65	3	16	15	21	15	21	36	9	3	5	9	23
425	262	463	60	200	19	53	9	30	13	21	10	26	36	10	7	2	5	18
426	262	416	51	199	17	50	5	24	12	14	9	30	39	12	2	2	11	19
427	263	796	75	200	26	58	7	17	16	21	10	24	34	10	5	2	2	16
428	263	418	62	200	20	50	6	16	16	18	7	23	30	5	0	0	9	16
429	264	301	62	200	19	45	8	13	16	20	8	21	29	13	9	4	11	16
430	264	428	49	200	19	51	4	25	7	12	16	19	35	16	6	4	15	16
431	265	509	60	200	23	50	5	21	9	14	4	19	23	4	2	1	12	23
432	265	518	76	200	23	50	7	16	23	29	10	24	34	10	8	4	10	18
433	266	428	46	200	17	48	4	17	8	8	8	17	25	7	2	1	13	16
434	266	518	64	200	23	52	3	14	15	17	12	23	35	12	7	6	11	12
435	267	306	61	200	24	51	4	15	9	18	10	19	29	10	6	1	7	18
436	267	509	56	200	19	49	7	26	11	17	13	22	35	9	3	5	10	17
437	268	796	79	200	30	63	8	24	11	13	13	22	35	15	4	2	9	13
438	268	312	74	200	31	64	4	14	8	9	11	22	33	19	5	3	7	15
439	269	416	70	200	26	48	9	23	9	15	7	24	31	13	1	2	13	23
440	269	418	79	200	27	54	8	19	17	25	7	17	24	15	5	0	3	18
441	270	559	57	200	16	53	3	16	22	29	9	31	40	5	3	6	14	23
442	270	463	76	200	26	56	6	20	18	27	6	31	37	13	10	5	9	26
443	271	306	58	200	24	57	8	18	2	3	11	22	33	5	2	3	10	20
444	271	796	69	200	20	48	7	21	22	24	7	22	29	8	6	6	3	7
445	272	312	89	200	31	64	10	25	17	22	13	15	28	17	9	4	13	25
446	272	428	95	200	30	49	11	19	24	29	7	22	29	19	9	3	14	20
447	273	463	49	200	20	45	3	13	6	7	3	25	28	7	3	4	15	19
448	273	301	60	200	19	51	9	24	13	19	11	23	34	12	11	0	9	11
449	274	418	77	225	27	65	6	23	17	25	14	23	37	19	6	2	7	14
450	274	559	76	225	26	63	7	24	17	18	14	25	39	15	3	4	11	17
451	275	312	86	200	34	70	4	20	14	22	16	24	40	17	10	5	18	26
452	275	306	93	200	30	58	6	15	27	38	9	23	32	16	11	4	17	22
453	276	518	63	200	20	47	5	17	18	27	5	20	25	12	7	6	11	24
454	276	539	65	200	19	43	5	13	22	28	7	27	34	11	3	5	15	24
455	277	301	53	200	21	44	8	18	3	7	6	21	27	12	14	4	15	16
456	277	416	46	200	18	46	6	18	4	11	12	21	33	12	8	3	16	13
457	278	428	56	200	22	48	5	18	7	11	5	22	27	10	5	1	11	15
458	278	418	66	200	25	50	9	23	7	9	5	23	28	14	2	1	10	14
459	279	509	47	200	15	45	7	27	10	16	5	24	29	7	5	4	9	20
460	279	463	54	200	19	52	4	17	12	17	13	27	40	8	4	3	10	16
461	280	518	64	200	25	59	0	11	14	23	10	22	32	5	7	7	14	22
462	280	306	72	200	24	50	7	18	17	21	4	30	34	16	9	5	18	22
463	281	559	76	200	28	57	6	18	14	21	11	29	40	15	1	4	16	25
464	281	312	83	200	26	60	5	16	26	36	11	22	33	17	12	5	5	18
465	282	796	71	200	22	50	8	24	19	24	7	21	28	15	7	2	8	14
466	282	539	66	201	28	58	1	13	9	13	11	23	34	9	3	3	11	20
467	283	418	84	200	29	51	16	23	10	14	4	29	33	15	5	1	10	12
468	283	301	53	200	20	52	2	18	11	16	5	18	23	7	4	0	8	14
469	284	463	70	200	25	55	6	17	14	19	10	26	36	6	6	2	9	17
470	284	306	60	200	22	60	5	21	11	17	14	23	37	11	3	3	10	18
471	285	559	70	200	29	64	3	14	9	14	12	25	37	11	4	4	11	25
472	285	796	76	200	23	52	7	18	23	31	9	26	35	12	7	3	7	15
473	286	312	76	200	28	60	7	20	13	15	13	14	27	15	10	1	13	21
474	286	416	86	200	28	48	10	17	20	26	8	21	29	20	9	7	16	20
475	287	539	59	200	24	48	6	15	5	13	8	30	38	15	8	5	10	20
476	287	509	32	200	10	43	3	22	9	21	10	21	31	6	3	1	12	14
477	288	306	80	200	29	49	7	18	15	17	6	20	26	17	3	3	15	23
478	288	418	84	200	27	56	4	15	26	29	11	14	25	13	7	3	6	16
479	289	416	67	200	24	55	10	20	9	10	10	21	31	17	1	4	16	22
480	289	518	69	200	23	49	4	10	19	31	9	21	30	12	10	2	10	12
481	290	539	63	200	19	47	5	13	20	23	9	18	27	10	5	2	16	22
482	290	428	81	200	25	45	7	20	24	29	5	21	26	14	10	1	12	20
483	291	509	74	200	21	51	7	18	25	34	5	26	31	12	7	4	6	21
484	291	559	65	200	21	59	4	18	19	23	13	30	43	14	1	2	11	25
485	292	796	68	200	24	56	9	20	11	21	11	24	35	14	1	6	11	18
486	292	463	77	200	26	50	6	11	19	25	3	28	31	9	6	2	5	17
487	294	428	54	200	19	41	6	13	10	18	7	29	36	7	3	6	17	17
488	294	509	48	200	16	53	6	19	10	14	10	20	30	9	9	4	8	17
489	296	301	66	200	25	54	7	19	9	12	12	22	34	12	8	3	13	16
490	296	312	63	200	24	54	6	17	9	14	11	18	29	16	7	6	8	13
\.


--
-- Name: box_stats_id_seq; Type: SEQUENCE SET; Schema: public; Owner: seth
--

SELECT pg_catalog.setval('box_stats_id_seq', 490, true);


--
-- Data for Name: games; Type: TABLE DATA; Schema: public; Owner: seth
--

COPY games (id, home_team, away_team, home_outcome, home_score, away_score, home_first, away_first, home_second, away_second, neutral_site, officials, attendance, venue, dt) FROM stdin;
1	194	2	W	94	75	54	29	40	46	f	Leslie Jones,Winston Stith,Tim Kelly	2482	Pittsburgh, Pa. / Palumbo Center	2013-11-09
3	127	813	L	77	93	47	40	30	53	f	Guy Pagano,Brandon Cruz,Nathan Farrell	0	Webster Bank Arena - Bridgeport, Conn.	2013-11-09
4	141	725	L	69	84	36	49	33	35	f	Matt Potter,Tim Comer,Justin Porterfield	1705	Lexington, Va. (Cameron Hall)	2013-11-09
5	148	310	W	73	69	29	44	44	25	f	Kipp Kissinger,Bret Smith,Charles "Pic" Russell	2251	Cleveland, Ohio - Wolstein Center	2013-11-09
6	302	189	L	59	61	30	25	29	36	f	Rick Hartzell,Jeff Spedoske,Gerald Morrow	5245	UIC Pavilion (Chicago, Ill.)	2013-11-09
7	1157	202	L	60	68	26	30	34	38	f	Tony Greene,Todd Austin,James Barker	1404	Kennesaw, Ga. (KSU Convocation Center)	2013-11-09
10	176	261	W	96	58	44	26	52	32	f	Michael Stephens,James Breeding,Clarence Armstrong	3254	McGrath-Phillips Arena - Chicago, Ill.	2013-11-09
11	627	1104	W	70	59	40	27	30	32	f	Michael Greenstein,Tom Nally,Matthew Rukasin	2122	San Diego, Calif. (Jenny Craig Pavilion)	2013-11-09
12	175	308	W	81	80	44	35	37	45	f	Lamar Simpson,Brent Hampton,Mike Roberts	12145	University of Dayton Areana	2013-11-09
14	305	47	W	82	73	43	34	39	39	f	Ed Hightower,Don Daily,Terry Oglesby	7221	Hulman Center (Terre Haute, Ind.)	2013-11-09
15	87	346	W	89	58	38	32	51	26	f	Ed Corbett,Tim Clougherty,Roger Ayers	9617	Indianapolis, Ind. (Hinkle Fieldhouse)	2013-11-09
16	648	363	W	82	44	37	15	45	29	f	Antinio Petty,Kevin Fehr,Jamie Luckie	8536	Columbia, S.C. (Colonial Life Arena)	2013-11-09
17	367	1014	W	70	48	29	27	41	21	f	Ted Valentine,Mike Stuart,Tony Chiazza	20938	KFC Yum! Center, LOUISVILLE, KY	2013-11-09
18	370	649	W	98	89	45	44	53	45	f	Tommy Nunez,Klaus Endrissat,Michael Rapp	2112	San Diego, CA (Jenny Craig Pavilion)	2013-11-09
19	340	381	L	90	99	32	30	41	43	f	Joe Lindsay,Karl Hess,Gary Prager	3400	Philadelphia, Pa. (Tom Gola Arena)	2013-11-09
21	518	446	W	89	50	49	23	40	27	f	Lamont Simpson,Mike Sanzere,Gerald Williams	16777	Value City Arena (Columbus, Ohio)	2013-11-09
22	473	6	W	88	52	45	26	43	26	f	Tom O'Neill,Kelly Self,Randy Heimerman	14445	The Pit/Bob King Court	2013-11-09
23	635	482	W	83	72	39	34	44	38	f	Wally Rutecki,Dennis Allocco,Doug Grant	6523	Newark, N.J. (Prudential Center)	2013-11-09
24	699	485	W	95	83	47	32	48	51	f	R Forrest Sigler,U1 Keith Kimble,U2 Donald Hudson	1983	Houston, Texas (H&PE Arena)	2013-11-09
25	509	201	W	72	55	32	28	40	27	f	Bo Boroski,Pat Driscoll,Lewis Garrison	5182	Evanston, Ill. (Welsh-Ryan Arena)	2013-11-09
26	519	504	W	75	64	39	32	36	32	f	Steve McJunkins,Bill Ek,Bryan Anslinger	11162	Athens, Ohio - Convocation Center	2013-11-09
27	539	748	W	74	62	32	20	42	42	f	Mike Kitts,D.J. Carstensen,Donnie Eppley	4752	Bryce Jordan Ctr (University Park, Pa.)	2013-11-09
29	562	272	W	82	77	31	42	51	35	f	Bob Adams,Gary Pucino,Justin Simon	365	Webster Bank Arena - Bridgeport, Conn.	2013-11-09
31	220	590	W	67	54	36	26	31	28	f	Gary Tracy,Jim Haney,Ronnie Tyburski	5060	Webster Bank Arena - Bridgeport, Conn.	2013-11-09
33	579	632	W	86	66	34	31	52	35	f	Jim Bruno,Jeffrey Benedict,Mike Pearson	1124	Moon Township, Pa. / Sewall Center	2013-11-09
34	596	650	W	68	46	31	21	37	25	f	Jeff Clark,Brian O'Connell,Larry Scirotto	3855	Reilly Center at St. Bonaventure, NY	2013-11-09
35	651	692	W	72	62	28	19	44	43	f	Rick Crawford,John Gaffney,Rodrick Dixon	4103	Tampa, Fla. (USF Sun Dome)	2013-11-09
36	540	690	L	73	78	35	42	38	36	f	Bill McCarthy,Dwayne Gladden,Jose Carrion	8722	The Palestra (Philadelphia, Pa.)	2013-11-09
37	472	691	W	70	55	38	32	32	23	f	Rob Roke,Donn Berdahl,Anthony Collazo	5861	Stan Sheriff Center - Honolulu, HI	2013-11-09
39	158	393	W	73	54	31	26	42	28	f	Earl Walton,Earl Robinson,Garrick Shannon	1274	New York (Levien Gymnasium)	2013-11-09
41	706	501	L	63	74	21	25	42	49	f	Rick Randall,Dan Nowakowski,C.J. Washington	1044	San Antonio, Texas (Convocation Center)	2013-11-09
43	741	721	W	71	63	39	25	32	38	f	Mike Eades,Sean Casidy,Jerry Heater	4195	Lexington, Va. (Cameron Hall)	2013-11-09
45	742	10411	L	63	64	31	33	32	31	f	Joe Palacz,Jim Ostwalt,Lionel Butler	5321	Cassell Coliseum, Blacksburg, Va.	2013-11-09
46	295	771	W	67	63	27	26	40	37	f	Verne Harris,Kevin Brill,SirAllen Conner	1326	Moscow, Idaho (Memorial Gym)	2013-11-09
47	277	774	W	78	68	39	36	39	32	f	Michael Scyphers,Tony Padilla,Andy Cohn	5861	Stan Sheriff Center - Honolulu, HI	2013-11-09
48	817	231	W	74	72	36	36	29	29	f	Doug Shows,Pat Adams,Jacyn Goble	0	Kennesaw, Ga. (KSU Convocation Center)	2013-11-09
50	400	67	W	86	73	32	36	54	37	f	Lamar Simpson,John Gaffney,Tim Kelly	6037	Boston, Mass. (TD Garden)	2013-11-10
51	72	7	W	85	59	41	28	44	31	f	Ed Hightower,Rick Randall,Bert Smith	3820	Peoria, Ill. - Renaissance Coliseum	2013-11-10
52	528	165	L	73	78	26	36	47	42	f	David Hall,Kevin Brill,Scott Brown	4062	Corvallis, Ore. (Gill Coliseum)	2013-11-10
53	167	369	L	89	93	44	45	35	34	f	Kevin O'Connell,James Salamone,Brian Zink	1444	Ithaca, N.Y. (Newman Arena)	2013-11-10
54	1157	231	L	58	66	32	32	26	34	f	Rick Crawford,Bret Smith,Patrick Evans	1101	Kennesaw, Ga. (KSU Convocation Center)	2013-11-10
55	554	228	W	67	50	38	23	29	27	f	Alvin Cox,Tony Chiazza,Evon Burroughs	1511	Princeton, N.J. (Jadwin Gym)	2013-11-10
57	301	315	W	86	62	40	27	46	35	f	Mark Whitehead,Toby Martinez,Lewis Garrison	13506	State Farm Center; Champaign, Ill.	2013-11-10
58	334	505	W	93	63	48	22	45	41	f	Antinio Petty,Lee Cassell,Michael Roberts	22925	Rupp Arena - Lexington, KY	2013-11-10
60	386	1068	L	48	75	16	47	32	28	f	Gary Prager (R),Dan Anderson,Roberto Marquez	1577	McCann Arena, Poughkeepsie, N.Y.	2013-11-10
61	419	665	W	78	75	31	35	47	40	f	Rick Hartzell,James Hicks,Peter Juzenas	3307	Murfreesboro, Tenn. (Murphy Center)	2013-11-10
62	68	500	W	72	69	38	32	34	37	f	Bill McCarthy,Lionel Butler,John Gwynn	6037	TD Garden	2013-11-10
63	513	678	W	80	49	51	21	29	28	f	Jeffrey Anderson,Terry Wymer,Ray Perone	7854	Notre Dame, Ind. (Purcell Pavilion)	2013-11-10
64	312	464	W	83	75	36	43	47	32	f	Lamont Simpson,Larry Scirotto,Bill Ek	14271	Carver-Hawkeye Arena - Iowa City, IA	2013-11-10
65	719	527	L	68	74	27	30	41	44	f	John Higgins,Steve Olson,Byron Jarrett	6160	Tulsa, Okla. (Reynolds Center)	2013-11-10
66	756	1356	W	88	78	42	33	46	45	f	Dick Cartmell,Michael Irving,Martin Cota	6704	Seattle, WA - Alaska Airlines Arena	2013-11-10
69	157	695	W	91	65	45	35	46	30	f	Tom O'Neill,Randy McCall,Frank Harvey,III	8408	Boulder, Colo. (Coors Events Center)	2013-11-10
70	202	817	L	67	75	26	36	41	39	f	Doug Shows,Tim Gattis,Matt Potter	0	Kennesaw, Ga. (KSU Convocation Center)	2013-11-10
71	596	2	W	75	47	33	25	42	22	f	Lamar Simpson,Wally Rutecki,Bernard Clinton	3042	Bob Lanier Court at the Reilly Center	2013-11-11
72	29	99	W	91	57	44	18	47	39	f	Gregory Nixon,Mike Reed,Michael Greenstein	14087	Olson Court - McKale Center, Tucson, AZ	2013-11-11
73	674	77	L	103	112	46	54	57	58	f	Ken Ditty,David Hall,Deron White	5994	Stanford, CA	2013-11-11
76	260	156	W	93	61	47	26	46	35	f	Michael Irving,Frank Harvey,Tommy Nunez	6000	McCARTHEY ATHLETIC CENTER - SPOKANE, WA	2013-11-11
77	169	2707	W	96	70	48	31	48	39	f	Michael Eades,Anthony Chiazza,Paul Szelc	16859	Omaha, Neb. (CenturyLink Center Omaha)	2013-11-11
78	173	797	L	77	81	42	35	35	46	f	Tim Gattis,Glenn Tuitt,Chuck Jones	3453	Davidson, N.C. -- John M. Belk Arena	2013-11-11
79	255	178	W	68	50	31	18	37	32	f	Raymond Styons,Michael Roberts,Bill Covington,Jr.	5390	McCamish Pavilion, Atlanta, Ga.	2013-11-11
81	536	288	L	65	77	38	46	27	31	f	Tom Eades,Rick Hartzell,Darron George	1432	Edinburg, TX (UTPA Fieldhouse)	2013-11-11
84	314	30	L	61	65	33	33	28	32	f	Mark Whitehead,Gary Maxwell (R),Pat Adams	998	Lee E. Williams AAC (Jackson, MS)	2013-11-11
88	700	501	W	88	68	42	35	46	33	f	Doug Simmons,Kipp Kissinger,Byron Jarrett	4415	Lubbock, Texas (United Spirit Arena)	2013-11-11
89	522	497	W	95	82	48	38	47	44	f	Joe DeRosa,Tom O'Neill,Michael Stephens	9288	Norman, Okla. (Lloyd Noble Center)	2013-11-11
90	563	693	W	89	78	47	32	42	46	f	Tim Comer,Dave Davis,Jerry Heater	2011	Radford, Va. / Dedmon Center	2013-11-11
91	663	572	W	89	58	37	24	52	34	f	Ted Valentine,Ron Groover,Brian O'Connell	3239	Garland, Texas (Curtis Culwell Center)	2013-11-11
92	600	726	W	60	57	28	28	32	29	f	James Ostwalt,David Niven,Art Jackson	2838	Johnstown, Pa. | War Memorial Arena	2013-11-11
94	116	650	W	71	66	35	33	36	33	f	Kevin Ferguson,Rob Snedden,Harold Drumgoole	1579	Koessler Athletic Center (Buffalo, N.Y.)	2013-11-11
96	229	599	L	57	59	32	26	25	33	f	Rick Crawford,Chris Merlo,Josue Nieves	1332	FAU Arena, Boca Raton, FL	2013-11-11
97	690	331	L	77	81	42	38	35	43	f	Kevin Fehr,Karl Hess,Mike Stuart	6589	Philadelphia, Pa. (Liacouras Center)	2013-11-11
98	697	432	W	91	67	42	35	49	32	f	Tony Greene,Jeff Smith,Patrick Evans	4240	Reed Arena (College Station, TX)	2013-11-11
100	9	587	W	79	76	31	37	48	39	f	Rick Randall,Bert Smith and Antinio Petty	4073	Birmingham, Ala. (Bartow Arena)	2013-11-11
101	32	2711	L	70	72	41	37	29	35	f	Kerry Sitton,Sam Croft,Dan Chrisman	3012	Little Rock, Ark. (Jack Stephens Center)	2013-11-11
102	164	813	W	80	62	39	24	41	38	f	Pat Driscoll,John Gaffney,Jeffrey Anderson	8848	XL Center  Hartford, Conn.	2013-11-11
103	30024	488	W	78	71	35	28	43	43	f	D.G. Nelson,Deldre Carr,Scott DeBo	1821	Orem, Utah - UCCU Center	2013-11-11
104	769	456	W	74	67	38	27	36	40	f	Brent Hampton,John Hampton,Archibald Whaley	1957	Cullowhee, N.C.	2013-11-11
105	782	772	W	66	49	30	28	36	21	f	Don Daily,Bo Boroski,Hal Lusk	10506	Wichita, Kan. (Charles Koch Arena)	2013-11-11
106	311	26172	W	80	50	37	24	43	26	f	Larry Spaulding,Terry Davis,Rodrick Dixon	13238	Hilton Coliseum - Ames, Iowa	2013-11-12
108	51	648	W	66	64	38	39	28	25	f	Joe DeRosa,Patrick Adams,Don Daily	5706	Ferrell Center; Waco, Texas	2013-11-12
110	107	183	W	77	50	35	18	42	32	f	David Hall,Shawn Lehigh,Deron White	4930	Berkeley, Calif.	2013-11-12
111	27	115	L	66	73	21	37	45	36	f	Frankie Bordeaux,Billy Dunlap and Joey Richardson	1482	Boone, N.C. (Holmes Center)	2013-11-12
112	72	129	W	80	70	39	28	41	42	f	Gerry Pollard,Bob Staffen,Randy Heimerman	6334	Peoria, Ill. - Carver Arena	2013-11-12
113	1014	458	W	83	82	38	49	45	33	f	Tim Nestor,Dwayne Gladden and John Gwynn	3752	TD Arena - Charleston, S.C.	2013-11-12
115	140	490	W	68	57	35	35	33	22	f	Gary Maxwell,James Breeding,Clarence Armstrong	7028	Fifth Third Arena (Cincinnati, Ohio)	2013-11-12
118	2699	219	L	78	84	38	44	40	40	f	Kyle Ingram (R),Jeff Albright,Kyle Smith	1215	Indianapolis, Ind. (The Jungle)	2013-11-12
119	28755	272	W	65	51	27	26	38	25	f	Freddie Williams,Marc Ellard,Lee Cassell	4525	Alico Arena (Fort Myers, FL)	2013-11-12
121	796	235	W	59	53	29	26	30	27	f	Jim Burr,Mark Whitehead,Tim Clougherty	17249	Kohl Center - Madison, Wisconsin	2013-11-12
122	688	236	W	89	74	46	21	43	53	f	Les Jones,Joe Lindsay,Jeff Clark	22667	Carrier Dome, Syracuse, N.Y.	2013-11-12
123	244	1092	W	75	64	37	29	38	35	f	Mick Fieldbinder,Coy Gammon,John Heatly	1043	Greenville, S.C. (Timmons Arena)	2013-11-12
124	387	261	W	114	71	52	35	62	36	f	John Gaffney,Wally Rutecki,Tony Chiazza	13372	BMO Harris Bradley Center	2013-11-12
126	299	191	L	70	78	30	34	40	44	f	Louie Andrakakos,Jacyn Goble,Ron Tyburski	4313	Doug Collins Court at Redbird Arena	2013-11-12
127	306	361	W	73	72	33	36	40	36	f	Guy Pagano,Tom Courtney,Andrew Maira	17472	Bloomington, Ind. (Assembly Hall)	2013-11-12
129	136	315	W	79	75	46	38	33	37	f	Bill Neketis,Dan Dorian,Eric Anderson	897	Chicago, Ill. (Jones Convocation Center)	2013-11-12
130	193	328	L	83	94	42	40	41	54	f	Mike Stuart,Bryan Kersey,Ray Natili	22711	United Center     Chicago, IL	2013-11-12
131	334	416	L	74	78	32	44	42	34	f	Ted Valentine,Mike Kitts,Pat Driscoll	22711	United Center     Chicago, IL	2013-11-12
132	400	365	W	92	90	49	45	43	45	f	Ed Corbett,Mike Nance,W. Alfred Smith	5182	Amherst, Mass. (Mullins Center)	2013-11-12
133	342	579	L	81	90	39	40	42	50	f	Gary Duda; Michael Berry; Tim Attanasi	1605	Easton, Pa. -- Kirby Sports Center	2013-11-12
134	346	248	L	54	68	29	37	25	31	f	Tony Crisp,Forrest Sigler,Chuck Jones	3984	Montagne Center - Beaumont, TX	2013-11-12
135	698	363	L	79	82	27	40	52	42	f	Tom Eades,Byron Jarrett,Rick Randall	4067	Daniel-Meyer Coliseum (Fort Worth, TX)	2013-11-12
136	249	380	W	108	81	56	46	52	35	f	Evon Burroughs,Paul Huovinen,Haywood Bostic	1448	Charles E. Smith Center; Washington, DC	2013-11-12
137	158	381	L	70	71	35	38	35	33	f	Tim Kelly,David Walker,Ralph Bretz	1277	New York (Levien Gymnasium)	2013-11-12
139	671	402	W	92	66	41	38	51	28	f	Vladamir Voyard-Tadal,Brad Ferrie,Alan Cosby	3071	Cajundome (Lafayette, La.)	2013-11-12
140	28	414	W	90	54	41	18	49	36	f	Mike Reed,Gregory Nixon,Michael Greenstein	4796	Tempe, Ariz. (Wells Fargo Arena)	2013-11-12
141	428	441	W	84	58	40	26	44	32	f	Bo Boroski,Donnie Eppley,Toby Martinez	10459	Minneapolis, Minn. (Williams Arena)	2013-11-12
142	434	659	W	72	59	35	34	37	25	f	Antinio Petty,Jeffrey Anderson and Tim Gattis	6794	Columbia, MO (Mizzou Arena)	2013-11-12
143	439	540	L	73	79	33	41	40	38	f	Ray Perone,Robert Riley,Martin Herrick	2105	West Long Branch, N.J. (the MAC)	2013-11-12
144	711	446	W	95	75	48	31	47	44	f	William Humes,Tim Ebersole,Jeremy Mosier	2874	Towson, Md. (SECU Arena)	2013-11-12
146	14	471	W	71	65	29	33	42	32	f	DJ Carstensen,Sean Hull,Kyle Walter	3141	SEFCU Arena, Albany, N.Y.	2013-11-12
147	90	466	L	58	60	32	23	26	37	f	Bill Vinovich,Daryl Gelinas,Jeff Wooten	1502	San Luis Obispo, CA (Mott Athletics Ctr)	2013-11-12
148	277	472	L	88	95	37	46	51	49	f	Tondy Padilla,Andy Cohn,Donn Berdahl	5495	Stan Sheriff Center - Honolulu, HI	2013-11-12
149	518	519	W	79	69	40	28	39	41	f	Terry Wymer,Larry Scirotto,Brian Dorsey	17388	Value City Arena (Columbus, Ohio)	2013-11-12
150	534	109	W	84	79	43	39	41	40	f	Horace Shields,Marc Beasley,Casey McClellan	1862	Stockton, Calif. (Alex G. Spanos Center)	2013-11-12
151	545	96	W	75	54	35	18	40	36	f	Brian O'Connell (R),Lamar Simpson,Bob Testa	8543	Petersen Events Center, Pittsburgh, PA	2013-11-12
152	340	562	W	73	67	35	31	38	36	f	Paul Faia,Earl Walton,Justin Porterfield	3229	Philadelphia, Pa. (Tom Gola Arena)	2013-11-12
153	352	576	W	92	78	44	25	48	53	f	Art Jackson,Brandon Cruz,Michael Kelly	1042	Stabler Arena - Bethlehem, Pa.	2013-11-12
154	631	630	W	89	77	42	28	47	49	f	Frank Harvey,Ronald Brokenbrough,James Giron	1456	Leavey Center (Santa Clara, Calif.)	2013-11-12
156	703	646	W	84	77	31	45	53	32	f	Terry Oglesby,Jeff Smith,Pat Boeh	7193	Austin, Tx (Erwin Center)	2013-11-12
157	418	647	W	93	59	59	23	34	36	f	Gene Steratore,Frank Spencer,Jim Schipper	12707	Crisler Center, Ann Arbor, MI	2013-11-12
158	651	61	W	91	65	38	29	53	36	f	Bert Smith,Darron George,Matt Potter	3549	Tampa, Fla. (Sun Dome)	2013-11-12
159	574	655	L	62	63	36	22	26	41	f	Rick Hartzell,James Durham,Rick O'Neill	1024	Houston, Texas (Tudor Fieldhouse)	2013-11-12
161	670	676	L	57	64	28	30	29	34	f	Alan Spainhour,Shannon Cain,Dan Stryffeler	2372	San Marcos, Texas	2013-11-12
162	812	694	W	67	63	27	20	40	43	f	Michael Stephens,Mike Roberts,Doug Shows	9878	Cincinnati, Ohio (Cintas Center)	2013-11-12
163	702	625	W	88	75	41	34	47	41	f		1239	Arlington, Texas (College Park Center)	2013-11-12
164	110	514	W	91	60	44	24	47	36	f	Chris Rastatter,Eric Curry,Scott Brown	4771	Los Angeles, Calif. (Pauley Pavilion)	2013-11-12
165	459	196	L	84	85	40	30	44	55	f	Sean Casey,Brent Hampton,Barry Mathis	3217		2013-11-12
166	465	104	L	65	86	29	45	36	41	f	Verne Harris,John Higgins,Mike Scyphers	12242	Tarkanian Court, Thomas & Mack Center	2013-11-12
167	731	667	W	90	57	46	26	44	31	f	R - Tommy Nunez,U1 - D.G. Nelson,U2 - Doran Gotschall	9540	Dee Glen Smith Spectrum	2013-11-12
168	521	30024	W	93	40	50	25	43	15	f	Duke Edsall,Keith Kimble,K.C. Ely	7526	Gallagher-Iba Arena * Stillwater, Okla.	2013-11-12
169	749	741	W	98	71	44	31	54	40	f	Sean Casady,Bernard Clinton,Jerry Heater	5581	Winston-Salem, N.C. - Joel Coliseum	2013-11-12
170	736	254	W	86	80	35	34	51	46	f	Anthony Jordan,Glenn Tuitt,Patrick Evans	8241	Nashville, Tenn. (Memorial Gym)	2013-11-12
171	738	639	W	77	66	32	29	45	37	f	John Hughes,Bill McCarthy,Harkeem Dixon	2212	Patrick Gym - Burlington, Vt.	2013-11-12
172	746	740	L	56	59	26	24	30	35	f	Jamie Luckie (R),Mike Eades,Tony Greene	13881	Charlottesville, Va. (JPJ)	2013-11-12
173	742	768	W	87	82	36	41	51	41	f	Karl Hess,Roger Ayers,Raymond Styons	5049	Cassell Coliseum, Blacksburg, Va.	2013-11-12
174	463	771	W	62	47	36	17	26	30	f	Lamont Simpson,Kelly Pfeifer,Rob Kueneman	14771	Pinnacle Bank Arena (Lincoln, Neb.)	2013-11-12
175	786	355	W	84	72	34	32	50	40	f	Tim Comer,Scott Arbogast,Michael Luckie	2250	Williamsburg, Va. (Kaplan Arena)	2013-11-12
178	513	116	W	87	81	31	33	42	40	f	Brian Dorsey,Tim Kelly,Jeff Clark	8400	Notre Dame, Ind. (Purcell Pavilion)	2013-12-29
179	458	255	L	55	58	24	27	31	31	f	Gary Maxwell,Raymond Styons,Jacyn Goble	6150	Dale F. Halton Arena (Charlotte, N.C.)	2013-12-29
180	169	136	W	90	58	45	38	45	20	f	Jeffrey Anderson,Earl Watson,Brent Hampton	17466	Omaha, Neb. (CenturyLink Center Omaha)	2013-12-29
181	175	454	W	72	51	33	25	39	26	f	Mike Roberts,Jamie Luckie,Nathan Farrell	12067	University of Dayton Arena	2013-12-29
182	301	306	W	83	80	39	39	32	32	f	Bo Boroski,Mark Whitehead,Terry Oglesby	16618	State Farm Center; Champaign, Ill.	2013-12-31
183	539	416	L	63	79	47	40	16	39	f	Lamont Simpson,Mike Sanzere,D.J. Carstensen	7397	Bryce Jordan Ctr. (University Park, Pa.)	2013-12-31
184	312	463	W	67	57	30	23	37	34	f	Gene Steratore,Mike Eades,Larry Scirotto	15400	Carver-Hawkeye Arena - Iowa City, Iowa	2013-12-31
185	559	518	L	69	78	33	34	36	44	f	Mike Kitts,Terry Wymer,Ted Valentine	13287	West Lafayette, Ind. | Mackey Arena	2013-12-31
186	428	418	L	60	63	30	28	30	35	f	Bo Boroski,Mike Eades,Pat Driscoll	12225	Williams Arena (Minneapolis, Minn.)	2014-01-02
187	509	796	L	49	76	14	40	35	36	f	Gene Steratore,Ted Valentine,DJ Carstensen	8117	Evanston, Ill. (Welsh-Ryan Arena)	2014-01-02
188	306	416	L	56	73	24	33	32	40	f	Terry Wymer,Tom Eades,John Higgins	17472	Bloomington, Ind. (Assembly Hall)	2014-01-04
189	518	463	W	84	53	40	30	44	23	f	Lamont Simpson,DJ Carstensen,Bill Ek	17536	Value City Arena (Columbus, Ohio)	2014-01-04
190	301	539	W	75	55	28	26	47	29	f	Mike Kitts,Larry Scirotto,Earl Walton	15390	State Farm Center; Champaign, Ill.	2014-01-04
191	428	559	W	82	79	42	35	40	44	f	Larry Scirotto,Bill Ek,Paul Szelc	11851	Williams Arena (Minneapolis, Minn.)	2014-01-05
192	418	509	W	74	51	31	24	43	27	f	Mike Kitts,Terry Wymer,Ed Corbett	12707	Crisler Center, Ann Arbor, MI	2014-01-05
193	796	312	W	75	71	24	35	51	36	f	Tom Eades,John Gaffney,Tim Clougherty	17249	Kohl Center, Madison, WI	2014-01-05
194	416	518	W	72	68	28	21	30	37	f	Lamont Simpson,Pat Driscoll,Larry Scirotto	14797	Breslin Center (East Lansing, Mich.)	2014-01-07
195	539	428	L	65	68	35	30	30	38	f	Gene Steratore,Ray Perone,John Gaffney	5010	Bryce Jordan Ctr. (University Park, Pa.)	2014-01-08
196	796	301	W	95	70	50	25	45	45	f	Terry Wymer,Lamont Simpson,Mike Sanzere	17003	Kohl Center - Madison, Wisconsin	2014-01-08
197	463	418	L	70	71	30	33	40	38	f	Ted Valentine,Brian Dorsey,Donnie Eppley	15012	Pinnacle Bank Arena (Lincoln, Neb.)	2014-01-09
198	312	509	W	93	67	41	26	52	41	f	Lamont Simpson,Mike Eades,Steve McJunkins	14016	Carver-Hawkeye Arena - Iowa City, IA	2014-01-09
199	539	306	L	76	79	41	37	35	42	f	Bo Boroski,Mike Eades,Paul Szelc	8079	Bryce Jordan Ctr. (University Park, Pa.)	2014-01-11
200	416	428	W	87	75	36	41	35	30	f	Jim Burr,Terry Oglesby,Steve McJunkins	14797	Breslin Center (East Lansing, Mich.)	2014-01-11
201	518	312	L	74	84	35	37	39	47	f	Mike Kitts,Bo Boroski,Brian Dorsey	18809	Value City Arena (Columbus, Ohio)	2014-01-12
202	509	301	W	49	43	22	15	27	28	f	Jim Burr,Tim Clougherty,Paul Szelc	8117	Evanston, Ill. (Welsh-Ryan Arena)	2014-01-12
203	559	463	W	70	64	35	32	35	32	f	Mike Sanzere,Steve McJunkins,Terry Oglesby	9182	West Lafayette, Ind. | Mackey Arena	2014-01-12
204	306	796	W	75	72	34	35	41	37	f	Gene Steratore,Mark Whitehead,Tim Clougherty	17472	Bloomington, Ind. (Assembly Hall)	2014-01-14
205	418	539	W	80	67	40	33	40	34	f	Tom Eades,Ed Corbett,Earl Walton	12707	Crisler Center, Ann Arbor, MI	2014-01-14
206	509	416	L	40	54	22	26	18	28	f	Mike Kitts,Larry Scirotto,Kelly Pfeifer	8117	Evanston, Ill. (Welsh-Ryan Arena)	2014-01-15
207	301	559	L	58	66	33	29	25	37	f	Gene Steratore,Mark Whitehead,Ted Valentine	15007	State Farm Center, Champaign, IL	2014-01-15
208	428	518	W	63	53	29	29	34	24	f	Lamont Simpson,John Gaffney,Donnie Eppley	14625	Minneapolis, Minn. (Williams Arena)	2014-01-16
209	301	416	L	62	78	25	35	37	43	f	Bo Boroski,Eric Curry,D.J. Carstensen	16618	State Farm Center; Champaign, Ill.	2014-01-18
210	306	509	L	47	54	19	22	28	32	f	Lamont Simpson,Glenn Mayborg,Gerald Williams	17472	Bloomington, Ind. (Assembly Hall)	2014-01-18
211	559	539	W	65	64	35	33	30	31	f	Terry Wymer,John Gaffney,Brian Dorsey	14124	West Lafayette, Ind. | Mackey Arena	2014-01-18
212	796	418	L	70	77	38	43	32	34	f	Mike Kitts,Larry Scirotto,Steve McJunkins	17249	Kohl Center, Madison, WI	2014-01-18
213	312	428	W	94	73	41	43	53	30	f	Terry Wymer,Brian Dorsey,D.J. Carstensen	15400	Carver-Hawkeye Arena - Iowa City, IA	2014-01-19
214	463	518	W	68	62	34	25	34	37	f	Mike Kitts,Terry Oglesby,Larry Scirotto	15342	Pinnacle Bank Arena (Lincoln, Neb.)	2014-01-20
215	416	306	W	71	66	27	28	44	38	f	Ted Valentine,John Higgins,Terry Oglesby	14797	Breslin Center (East Lansing, Mich.)	2014-01-21
216	509	559	W	63	60	21	23	25	23	f	Lamont Simpson,Bo Boroski,Ray Perone	6063	Evanston, Ill. (Welsh-Ryan Arena)	2014-01-21
217	418	312	W	75	67	38	34	37	33	f	Gene Steratore,Tim Clougherty,John Gaffney	12707	Crisler Center, Ann Arbor, MI	2014-01-22
218	428	796	W	81	68	34	28	47	40	f	Bo Boroski,Terry Oglesby,Chris Beaver	14625	Minneapolis, Minn. (Williams Arena)	2014-01-22
219	518	301	W	62	55	24	25	38	30	f	Mike Eades,Brian Dorsey,Glen Mayborg	16774	Value City Arena (Columbus, Ohio)	2014-01-23
220	539	463	W	58	54	22	29	36	25	f	Pat Driscoll,Mark Whitehead,Paul Szelc	5705	Bryce Jordan Ctr.(University Park, Pa.)	2014-01-23
221	416	418	L	75	80	36	30	39	50	f	Terry Wymer,Bo Boroski,Lamont Simpson	14797	Breslin Center (East Lansing, Mich.)	2014-01-25
222	509	312	L	50	76	24	30	26	46	f	Mike Kitts,Chris Beaver,Paul Szelc	8117	Evanston, Ill. (Welsh-Ryan Arena)	2014-01-25
223	559	796	L	58	72	29	32	29	40	f	Pat Driscoll,Kyle Smith,Mike Sanzere,Gene Steratore	14845	West Lafayette, Ind. | Mackey Arena	2014-01-25
224	306	301	W	56	46	26	24	30	22	f	Mike Kitts,Mike Sanzere,Pat Driscoll	17472	Bloomington, Ind. (Assembly Hall)	2014-01-26
225	463	428	W	82	78	35	30	47	48	f	Ray Perone,John Higgins,Tom Eades	15945	Pinnacle Bank Arena (Lincoln, Neb.)	2014-01-26
226	312	416	L	69	71	30	26	31	35	f	Mike Sanzere,Mike Eades,Larry Scirotto	15400	Carver-Hawkeye Arena - Iowa City, IA	2014-01-28
227	796	509	L	56	65	23	22	33	43	f	Terry Wymer,Jim Burr,Eric Curry	17155	Kohl Center, Madison, WI	2014-01-29
228	518	539	L	70	71	35	31	30	34	f	Mike Kitts,Gene Steratore,Steve McJunkins	15453	Value City Arena (Columbus, Ohio)	2014-01-29
229	463	306	W	60	55	19	32	41	23	f	Lamont Simpson,Gene Steratore,Rob Kueneman	15333	Pinnacle Bank Arena (Lincoln, Neb.)	2014-01-30
230	418	559	W	75	66	37	29	38	37	f	Brian Dorsey,John Higgins,Larry Scirotto	12707	Crisler Center, Ann Arbor, MI	2014-01-30
231	301	312	L	74	81	36	40	38	41	f	John Gaffney,Bill Ek,Kelly Pfeifer	16618	State Farm Center; Champaign, Ill.	2014-02-01
232	428	509	L	54	55	29	32	25	23	f	DJ Carstensen,Glenn Mayborg,Steve McJunkins	12744	Minneapolis, Minn. (Williams Arena)	2014-02-01
233	796	518	L	58	59	33	29	25	30	f	Lamont Simpson,Ray Perone,Larry Scirotto	17249	Kohl Center, Madison, WI	2014-02-01
234	306	418	W	63	52	25	22	38	30	f	Mike Eades,Tom Eades,Terry Oglesby	17472	Bloomington, Ind. (Assembly Hall)	2014-02-02
235	539	559	W	79	68	34	29	45	39	f	Lamont Simpson,Ray Perone,Chris Beaver	7832	Bryce Jordan Ctr (Univerisyt Park, Pa.)	2014-02-02
236	312	518	L	69	76	33	31	36	45	f	Terry Wymer,Donnie Eppley,Earl Walton	15400	Carver-Hawkeye Arena - Iowa City, IA	2014-02-04
237	301	796	L	63	75	30	36	33	39	f	Gene Steratore,Mike Sanzere,Steve McJunkins	13331	State Farm Center; Champaign, Ill.	2014-02-04
238	418	463	W	79	50	49	21	30	29	f	Ray Perone,John Gaffney,Chris Beaver	12707	Crisler Center, Ann Arbor, MI	2014-02-05
239	559	428	W	77	74	29	28	31	32	f	Terry Wymer,Gene Steratore,Mike Kitts	12818	West Lafaytte, Ind. | Mackey Arena	2014-02-05
240	416	539	W	82	67	46	30	36	37	f	Mike Eades,Jim Burr,John Gaffney	14797	Breslin Center (East Lansing, Mich.)	2014-02-06
242	428	306	W	66	60	30	36	36	24	f	Lamont Simpson,Larry Scirotto,Bill Ek	14625	Minneapolis, Minn. (Williams Arena)	2014-02-08
243	509	463	L	49	53	22	16	27	37	f	Glenn Mayborg,Ted Valentine,Jim Burr	7109	Evanston, Ill. (Welsh-Ryan Arena)	2014-02-08
244	518	559	W	67	49	31	25	36	24	f	Mike Sanzere,Pat Driscoll,Mark Whitehead	18809	Value City Arena (Columbus, Ohio)	2014-02-08
245	539	301	L	55	60	31	31	24	29	f	Pat Driscoll,Mark Whitehead,Ted Valentine	7573	Bryce Jordan Ctr. (University Park, Pa.)	2014-02-09
246	796	416	W	60	58	30	22	30	36	f	Mike Kitts,Terry Wymer,Bo Boroski	17249	Kohl Center, Madison, WI	2014-02-09
248	312	418	W	85	67	43	29	42	38	f	Mike Kitts,Bo Boroski,Gene Steratore	15400	Carver-Hawkeye Arena - Iowa City, IA	2014-02-08
254	518	418	L	60	70	30	26	30	44	f	Ted Valentine,Terry Oglesby,Brian Dorsey	18809	Value City Arena (Columbus, Ohio)	2014-02-11
255	463	301	W	67	58	31	30	36	28	f	Terry Wymer,Larry Scirotto,Terry Oglesby	15404	Pinnacle Bank Arena (Lincoln, Neb.)	2014-02-12
256	306	539	L	65	66	36	30	29	36	f	Mike Kitts,Glenn Mayborg,D.J. Carstensen	17472	Bloomington, Ind. (Assembly Hall)	2014-02-12
257	796	428	W	78	70	35	28	43	42	f	Mike Eades,Ray Perone,Steve McJunkiins	17249	Kohl Center, Madison, WI	2014-02-13
258	416	509	W	85	70	39	30	46	40	f	Gene Steratore,D.J. Carstensen,Larry Scirotto	14797	Breslin Center (East Lansing, Mich.)	2014-02-13
259	301	518	L	39	48	23	20	16	28	f	Bo Boroski,Mike Kitts,Donnie Eppley	16618	State Farm Center; Champaign, Ill.	2014-02-15
260	559	306	W	82	64	38	33	44	31	f	Terry Wymer,Tom Eades,Earl Walton	14846	West Lafayette, Ind. | Mackey Arena	2014-02-15
261	539	312	L	70	82	33	31	37	51	f	Ed Corbett,Larry Scirotto,Bill Ek	10428	Bryce Jordan Ctr. (University Park, Pa.)	2014-02-15
262	416	463	L	51	60	25	32	26	28	f	Mike Sanzere,Mark Whitehead,Ed Corbett	14797	Breslin Center (East Lansing, Mich.)	2014-02-16
263	418	796	L	62	75	19	34	43	41	f	Tom Eades,Larry Scirotto,Gene Steratore	12707	Crisler Center, Ann Arbor, MI	2014-02-16
264	428	301	L	49	62	27	24	22	38	f	Lamont Simpson,Tim Clougherty,Jim Schipper	12221	Minneapolis, Minn. (Williams Arena)	2014-02-19
265	518	509	W	76	60	37	33	39	27	f	Ray Perone DJ Carstensen,John Gaffney	15878	Value City Arena (Columbus, Ohio)	2014-02-19
266	518	428	W	64	46	18	28	46	18	f	Mike Sanzere,Larry Scirotto,Gene Steratore	18809	Value City Arena (Columbus, Ohio)	2014-02-22
267	509	306	L	56	61	30	32	26	29	f	Lamont Simpson,Eric Curry,Steve McJunkins	8117	Evanston, Ill. (Welsh-Ryan Arena)	2014-02-22
268	312	796	L	74	79	31	40	43	39	f	Mike Kitts,Pat Driscoll,Lewis Garrison	15400	Carver-Hawkeye Arena - Iowa City, IA	2014-02-22
269	418	416	W	79	70	34	36	45	34	f	Terry Wymer,Mike Eades,Gene Steratore	12707	Crisler Center, Ann Arbor, MI	2014-02-23
270	463	559	W	76	57	34	25	42	32	f	Ray Perone,Larry Scirotto,Eric Curry	15891	Pinnacle Bank Arena (Lincoln, Neb.)	2014-02-23
271	796	306	W	69	58	19	29	50	29	f	Ted Valentine,Larry Scirotto,Kelly Pfeifer	17249	Kohl Center - Madison, Wisconsin	2014-02-25
272	428	312	W	95	89	51	47	44	42	f	Donnie Eppley,Earl Walton,Paul Szelc	14625	Minneapolis, Minn. (Williams Arena)	2014-02-25
273	301	463	W	60	49	27	24	33	25	f	Terry Wymer,Gene Steratore,Tom Eades	13206	State Farm Center; Champaign, Ill.	2014-02-26
274	559	418	L	76	77	37	24	28	41	f	Mike Kitts,Pat Driscoll,Jim Schipper	13821	West Lafayette, Ind. | Mackey Arena	2014-02-26
275	306	312	W	93	86	49	52	44	34	f	Bo Boroski,Mike Eades,Gene Steratore	17472	Bloomington, Ind. (Assembly Hall)	2014-02-27
276	539	518	W	65	63	26	28	39	35	f	Brian Dorsey,Mark Whitehead,Paul Szelc	8736	Bryce Jordan Ctr. (University Park, Pa.)	2014-02-27
277	416	301	L	46	53	28	28	18	25	f	Mike Kitts,Pat Driscoll,D.J. Carstensen	14797	Breslin Center (East Lansing, Mich.)	2014-03-01
278	418	428	W	66	56	31	20	35	36	f	Lamont Simpson,Terry Oglesby,Tim Clougherty	12707	Crisler Center, Ann Arbor, MI	2014-03-01
279	463	509	W	54	47	26	22	28	25	f	Bo Boroski,Glenn Mayborg,Rob Kueneman	15978	Pinnacle Bank Arena (Lincoln, Neb.)	2014-03-01
280	306	518	W	72	64	33	25	39	39	f	Terry Wymer,Mike Kitts,Terry Oglesby	17472	Bloomington, Ind. (Assembly Hall)	2014-03-02
281	312	559	W	83	76	50	37	33	39	f	Mike Sanzere,Larry Scirotto,Bill Ek	15400	Carver-Hawkeye Arena - Iowa City, IA	2014-03-02
282	539	796	L	66	71	27	31	39	40	f	Gene Steratore,Ray Perone,Donnie Eppley	7807	Bryce Jordan Ctr. (University Park, Pa.)	2014-03-02
283	301	418	L	53	84	30	52	23	32	f	Ted Valentine,Larry Scirotto,John Gaffney	16618	State Farm Center; Champaign, Ill.	2014-03-04
284	306	463	L	60	70	26	34	34	36	f	Lamont Simpson,Mike Sanzere,John Higgins	17472	Bloomington, Ind. (Assembly Hall)	2014-03-05
285	796	559	W	76	70	35	24	41	46	f	Terry Wymer,Bo Boroski,Mike Eades	17249	Kohl Center, Madison, WI	2014-03-05
286	416	312	W	86	76	39	41	47	35	f	Gene Steratore,Bo Boroski,Mike Eades	14797	Breslin Center (East Lansing, Mich.)	2014-03-06
287	509	539	L	32	59	15	32	17	27	f	Lamont Simpson,Larry Scirotto,Pat Driscoll	6253	Evanston, Ill. (Welsh-Ryan Arena)	2014-03-06
288	418	306	W	84	80	36	42	48	38	f	Terry Wymer,Bo Boroski,Gene Steratore	12707	Crisler Center, Ann Arbor, MI	2014-03-08
289	518	416	W	69	67	36	38	33	29	f	Terry Wymer,Lamont Simpson,Ted Valentine	18809	Value City Arena (Columbus, Ohio)	2014-03-09
290	428	539	W	81	63	38	24	43	39	f	Bo Boroski,Mike Sanzere,Bill Ek	12775	Minneapolis, Minn. (Williams Arena)	2014-03-09
291	559	509	L	65	74	21	28	44	46	f	Gene Steratore,Tom Eades,Ray Perone	13332	West Lafayette, Ind. | Mackey Arena	2014-03-09
292	463	796	W	77	68	33	35	44	33	f	Jim Burr,Larry Scirotto,Chris Beaver	15998	Pinnacle Bank Arena (Lincoln, Neb.)	2014-03-09
294	509	428	L	48	54	28	25	20	29	f	Terry Wymer,Bo Boroski,Terry Oglesby	6719	Evanston, Ill. (Welsh-Ryan Arena)	2014-02-16
296	312	301	L	63	66	34	29	29	37	f	Mike Kitts,Lamont Simpson,Chris Beaver	15400	Carver-Hawkeye Arena - Iowa City, IA	2014-03-08
\.


--
-- Data for Name: games2; Type: TABLE DATA; Schema: public; Owner: seth
--

COPY games2 (id, home_team, away_team, home_outcome, home_score, away_score, home_first, away_first, home_second, away_second, neutral_site, officials, attendance, venue, dt, home_team_string, away_team_string) FROM stdin;
23	635	482	W	83	72	39	34	44	38	f	Wally Rutecki,Dennis Allocco,Doug Grant	6523	Newark, N.J. (Prudential Center)	2013-11-09	Seton Hall	Niagara
39	158	393	W	73	54	31	26	42	28	f	Earl Walton,Earl Robinson,Garrick Shannon	1274	New York (Levien Gymnasium)	2013-11-09	Columbia	UMES
27	539	748	W	74	62	32	20	42	42	f	Mike Kitts,D.J. Carstensen,Donnie Eppley	4752	Bryce Jordan Ctr (University Park, Pa.)	2013-11-09	Penn St.	Wagner
36	540	690	L	73	78	35	42	38	36	f	Bill McCarthy,Dwayne Gladden,Jose Carrion	8722	The Palestra (Philadelphia, Pa.)	2013-11-09	Penn	Temple
29	562	272	W	82	77	31	42	51	35	f	Bob Adams,Gary Pucino,Justin Simon	365	Webster Bank Arena - Bridgeport, Conn.	2013-11-09	Quinnipiac	Hartford
46	295	771	W	67	63	27	26	40	37	f	Verne Harris,Kevin Brill,SirAllen Conner	1326	Moscow, Idaho (Memorial Gym)	2013-11-09	Idaho	Western Ill.
33	579	632	W	86	66	34	31	52	35	f	Jim Bruno,Jeffrey Benedict,Mike Pearson	1124	Moon Township, Pa. / Sewall Center	2013-11-09	Robert Morris	Savannah St.
34	596	650	W	68	46	31	21	37	25	f	Jeff Clark,Brian O'Connell,Larry Scirotto	3855	Reilly Center at St. Bonaventure, NY	2013-11-09	St. Bonaventure	South Dakota
11	627	1104	W	70	59	40	27	30	32	f	Michael Greenstein,Tom Nally,Matthew Rukasin	2122	San Diego, Calif. (Jenny Craig Pavilion)	2013-11-09	San Diego	Grand Canyon
3	127	813	L	77	93	47	40	30	53	f	Guy Pagano,Brandon Cruz,Nathan Farrell	0	Webster Bank Arena - Bridgeport, Conn.	2013-11-09	Central Conn. St.	Yale
16	648	363	W	82	44	37	15	45	29	f	Antinio Petty,Kevin Fehr,Jamie Luckie	8536	Columbia, S.C. (Colonial Life Arena)	2013-11-09	South Carolina	Longwood
35	651	692	W	72	62	28	19	44	43	f	Rick Crawford,John Gaffney,Rodrick Dixon	4103	Tampa, Fla. (USF Sun Dome)	2013-11-09	South Fla.	Tennessee Tech
6	302	189	L	59	61	30	25	29	36	f	Rick Hartzell,Jeff Spedoske,Gerald Morrow	5245	UIC Pavilion (Chicago, Ill.)	2013-11-09	Ill.-Chicago	Drake
14	305	47	W	82	73	43	34	39	39	f	Ed Hightower,Don Daily,Terry Oglesby	7221	Hulman Center (Terre Haute, Ind.)	2013-11-09	Indiana St.	Ball St.
24	699	485	W	95	83	47	32	48	51	f	R Forrest Sigler,U1 Keith Kimble,U2 Donald Hudson	1983	Houston, Texas (H&PE Arena)	2013-11-09	Texas Southern	Norfolk St.
41	706	501	L	63	74	21	25	42	49	f	Rick Randall,Dan Nowakowski,C.J. Washington	1044	San Antonio, Texas (Convocation Center)	2013-11-09	UTSA	Northern Ariz.
19	340	381	L	90	99	32	30	41	43	f	Joe Lindsay,Karl Hess,Gary Prager	3400	Philadelphia, Pa. (Tom Gola Arena)	2013-11-09	La Salle	Manhattan
43	741	721	W	71	63	39	25	32	38	f	Mike Eades,Sean Casidy,Jerry Heater	4195	Lexington, Va. (Cameron Hall)	2013-11-09	VMI	Air Force
12	175	308	W	81	80	44	35	37	45	f	Lamar Simpson,Brent Hampton,Mike Roberts	12145	University of Dayton Areana	2013-11-09	Dayton	IPFW
45	742	10411	L	63	64	31	33	32	31	f	Joe Palacz,Jim Ostwalt,Lionel Butler	5321	Cassell Coliseum, Blacksburg, Va.	2013-11-09	Virginia Tech	USC Upstate
10	176	261	W	96	58	44	26	52	32	f	Michael Stephens,James Breeding,Clarence Armstrong	3254	McGrath-Phillips Arena - Chicago, Ill.	2013-11-09	DePaul	Grambling
7	1157	202	L	60	68	26	30	34	38	f	Tony Greene,Todd Austin,James Barker	1404	Kennesaw, Ga. (KSU Convocation Center)	2013-11-09	Kennesaw St.	Eastern Ky.
1	194	2	W	94	75	54	29	40	46	f	Leslie Jones,Winston Stith,Tim Kelly	2482	Pittsburgh, Pa. / Palumbo Center	2013-11-09	Duquesne	Abilene Christian
17	367	1014	W	70	48	29	27	41	21	f	Ted Valentine,Mike Stuart,Tony Chiazza	20938	KFC Yum! Center, LOUISVILLE, KY	2013-11-09	Louisville	Col. of Charleston
18	370	649	W	98	89	45	44	53	45	f	Tommy Nunez,Klaus Endrissat,Michael Rapp	2112	San Diego, CA (Jenny Craig Pavilion)	2013-11-09	Loyola Marymount	South Dakota St.
48	817	231	W	74	72	36	36	29	29	f	Doug Shows,Pat Adams,Jacyn Goble	0	Kennesaw, Ga. (KSU Convocation Center)	2013-11-09	Youngstown St.	FIU
15	87	346	W	89	58	38	32	51	26	f	Ed Corbett,Tim Clougherty,Roger Ayers	9617	Indianapolis, Ind. (Hinkle Fieldhouse)	2013-11-09	Butler	Lamar
31	220	590	W	67	54	36	26	31	28	f	Gary Tracy,Jim Haney,Ronnie Tyburski	5060	Webster Bank Arena - Bridgeport, Conn.	2013-11-09	Fairfield	Sacred Heart
4	141	725	L	69	84	36	49	33	35	f	Matt Potter,Tim Comer,Justin Porterfield	1705	Lexington, Va. (Cameron Hall)	2013-11-09	Citadel	Army
5	148	310	W	73	69	29	44	44	25	f	Kipp Kissinger,Bret Smith,Charles "Pic" Russell	2251	Cleveland, Ohio - Wolstein Center	2013-11-09	Cleveland St.	Iona
37	472	691	W	70	55	38	32	32	23	f	Rob Roke,Donn Berdahl,Anthony Collazo	5861	Stan Sheriff Center - Honolulu, HI	2013-11-09	New Mexico St.	Tennessee St.
22	473	6	W	88	52	45	26	43	26	f	Tom O'Neill,Kelly Self,Randy Heimerman	14445	The Pit/Bob King Court	2013-11-09	New Mexico	Alabama A&M
25	509	201	W	72	55	32	28	40	27	f	Bo Boroski,Pat Driscoll,Lewis Garrison	5182	Evanston, Ill. (Welsh-Ryan Arena)	2013-11-09	Northwestern	Eastern Ill.
21	518	446	W	89	50	49	23	40	27	f	Lamont Simpson,Mike Sanzere,Gerald Williams	16777	Value City Arena (Columbus, Ohio)	2013-11-09	Ohio St.	Morgan St.
47	277	774	W	78	68	39	36	39	32	f	Michael Scyphers,Tony Padilla,Andy Cohn	5861	Stan Sheriff Center - Honolulu, HI	2013-11-09	Hawaii	Western Mich.
26	519	504	W	75	64	39	32	36	32	f	Steve McJunkins,Bill Ek,Bryan Anslinger	11162	Athens, Ohio - Convocation Center	2013-11-09	Ohio	UNI
54	1157	231	L	58	66	32	32	26	34	f	Rick Crawford,Bret Smith,Patrick Evans	1101	Kennesaw, Ga. (KSU Convocation Center)	2013-11-10	Kennesaw St.	FIU
55	554	228	W	67	50	38	23	29	27	f	Alvin Cox,Tony Chiazza,Evon Burroughs	1511	Princeton, N.J. (Jadwin Gym)	2013-11-10	Princeton	Florida A&M
50	400	67	W	86	73	32	36	54	37	f	Lamar Simpson,John Gaffney,Tim Kelly	6037	Boston, Mass. (TD Garden)	2013-11-10	Massachusetts	Boston College
51	72	7	W	85	59	41	28	44	31	f	Ed Hightower,Rick Randall,Bert Smith	3820	Peoria, Ill. - Renaissance Coliseum	2013-11-10	Bradley	Alabama St.
57	301	315	W	86	62	40	27	46	35	f	Mark Whitehead,Toby Martinez,Lewis Garrison	13506	State Farm Center; Champaign, Ill.	2013-11-10	Illinois	Jacksonville St.
52	528	165	L	73	78	26	36	47	42	f	David Hall,Kevin Brill,Scott Brown	4062	Corvallis, Ore. (Gill Coliseum)	2013-11-10	Oregon St.	Coppin St.
61	419	665	W	78	75	31	35	47	40	f	Rick Hartzell,James Hicks,Peter Juzenas	3307	Murfreesboro, Tenn. (Murphy Center)	2013-11-10	Middle Tenn.	Southern U.
62	68	500	W	72	69	38	32	34	37	f	Bill McCarthy,Lionel Butler,John Gwynn	6037	TD Garden	2013-11-10	Boston U.	Northeastern
60	386	1068	L	48	75	16	47	32	28	f	Gary Prager (R),Dan Anderson,Roberto Marquez	1577	McCann Arena, Poughkeepsie, N.Y.	2013-11-10	Marist	Elon
66	756	1356	W	88	78	42	33	46	45	f	Dick Cartmell,Michael Irving,Martin Cota	6704	Seattle, WA - Alaska Airlines Arena	2013-11-10	Washington	Seattle
65	719	527	L	68	74	27	30	41	44	f	John Higgins,Steve Olson,Byron Jarrett	6160	Tulsa, Okla. (Reynolds Center)	2013-11-10	Tulsa	Oral Roberts
53	167	369	L	89	93	44	45	35	34	f	Kevin O'Connell,James Salamone,Brian Zink	1444	Ithaca, N.Y. (Newman Arena)	2013-11-10	Cornell	Loyola Maryland
63	513	678	W	80	49	51	21	29	28	f	Jeffrey Anderson,Terry Wymer,Ray Perone	7854	Notre Dame, Ind. (Purcell Pavilion)	2013-11-10	Notre Dame	Stetson
70	202	817	L	67	75	26	36	41	39	f	Doug Shows,Tim Gattis,Matt Potter	0	Kennesaw, Ga. (KSU Convocation Center)	2013-11-10	Eastern Ky.	Youngstown St.
69	157	695	W	91	65	45	35	46	30	f	Tom O'Neill,Randy McCall,Frank Harvey,III	8408	Boulder, Colo. (Coors Events Center)	2013-11-10	Colorado	UT Martin
64	312	464	W	83	75	36	43	47	32	f	Lamont Simpson,Larry Scirotto,Bill Ek	14271	Carver-Hawkeye Arena - Iowa City, IA	2013-11-10	Iowa	Omaha
58	334	505	W	93	63	48	22	45	41	f	Antinio Petty,Lee Cassell,Michael Roberts	22925	Rupp Arena - Lexington, KY	2013-11-10	Kentucky	Northern Ky.
73	674	77	L	103	112	46	54	57	58	f	Ken Ditty,David Hall,Deron White	5994	Stanford, CA	2013-11-11	Stanford	BYU
76	260	156	W	93	61	47	26	46	35	f	Michael Irving,Frank Harvey,Tommy Nunez	6000	McCARTHEY ATHLETIC CENTER - SPOKANE, WA	2013-11-11	Gonzaga	Colorado St.
97	690	331	L	77	81	42	38	35	43	f	Kevin Fehr,Karl Hess,Mike Stuart	6589	Philadelphia, Pa. (Liacouras Center)	2013-11-11	Temple	Kent St.
98	697	432	W	91	67	42	35	49	32	f	Tony Greene,Jeff Smith,Patrick Evans	4240	Reed Arena (College Station, TX)	2013-11-11	Texas A&M	Mississippi Val.
88	700	501	W	88	68	42	35	46	33	f	Doug Simmons,Kipp Kissinger,Byron Jarrett	4415	Lubbock, Texas (United Spirit Arena)	2013-11-11	Texas Tech	Northern Ariz.
77	169	2707	W	96	70	48	31	48	39	f	Michael Eades,Anthony Chiazza,Paul Szelc	16859	Omaha, Neb. (CenturyLink Center Omaha)	2013-11-11	Creighton	UMKC
84	314	30	L	61	65	33	33	28	32	f	Mark Whitehead,Gary Maxwell (R),Pat Adams	998	Lee E. Williams AAC (Jackson, MS)	2013-11-11	Jackson St.	Arkansas St.
100	9	587	W	79	76	31	37	48	39	f	Rick Randall,Bert Smith and Antinio Petty	4073	Birmingham, Ala. (Bartow Arena)	2013-11-11	UAB	Rutgers
101	32	2711	L	70	72	41	37	29	35	f	Kerry Sitton,Sam Croft,Dan Chrisman	3012	Little Rock, Ark. (Jack Stephens Center)	2013-11-11	UALR	North Florida
78	173	797	L	77	81	42	35	35	46	f	Tim Gattis,Glenn Tuitt,Chuck Jones	3453	Davidson, N.C. -- John M. Belk Arena	2013-11-11	Davidson	Milwaukee
89	522	497	W	95	82	48	38	47	44	f	Joe DeRosa,Tom O'Neill,Michael Stephens	9288	Norman, Okla. (Lloyd Noble Center)	2013-11-11	Oklahoma	North Texas
81	536	288	L	65	77	38	46	27	31	f	Tom Eades,Rick Hartzell,Darron George	1432	Edinburg, TX (UTPA Fieldhouse)	2013-11-11	Tex.-Pan American	Houston
72	29	99	W	91	57	44	18	47	39	f	Gregory Nixon,Mike Reed,Michael Greenstein	14087	Olson Court - McKale Center, Tucson, AZ	2013-11-11	Arizona	Long Beach St.
90	563	693	W	89	78	47	32	42	46	f	Tim Comer,Dave Davis,Jerry Heater	2011	Radford, Va. / Dedmon Center	2013-11-11	Radford	Chattanooga
96	229	599	L	57	59	32	26	25	33	f	Rick Crawford,Chris Merlo,Josue Nieves	1332	FAU Arena, Boca Raton, FL	2013-11-11	Fla. Atlantic	St. Francis Brooklyn
71	596	2	W	75	47	33	25	42	22	f	Lamar Simpson,Wally Rutecki,Bernard Clinton	3042	Bob Lanier Court at the Reilly Center	2013-11-11	St. Bonaventure	Abilene Christian
92	600	726	W	60	57	28	28	32	29	f	James Ostwalt,David Niven,Art Jackson	2838	Johnstown, Pa. | War Memorial Arena	2013-11-11	Saint Francis (PA)	Navy
104	769	456	W	74	67	38	27	36	40	f	Brent Hampton,John Hampton,Archibald Whaley	1957	Cullowhee, N.C.	2013-11-11	Western Caro.	UNC Asheville
102	164	813	W	80	62	39	24	41	38	f	Pat Driscoll,John Gaffney,Jeffrey Anderson	8848	XL Center  Hartford, Conn.	2013-11-11	UConn	Yale
105	782	772	W	66	49	30	28	36	21	f	Don Daily,Bo Boroski,Hal Lusk	10506	Wichita, Kan. (Charles Koch Arena)	2013-11-11	Wichita St.	Western Ky.
94	116	650	W	71	66	35	33	36	33	f	Kevin Ferguson,Rob Snedden,Harold Drumgoole	1579	Koessler Athletic Center (Buffalo, N.Y.)	2013-11-11	Canisius	South Dakota
103	30024	488	W	78	71	35	28	43	43	f	D.G. Nelson,Deldre Carr,Scott DeBo	1821	Orem, Utah - UCCU Center	2013-11-11	Utah Valley	N.C. A&T
91	663	572	W	89	58	37	24	52	34	f	Ted Valentine,Ron Groover,Brian O'Connell	3239	Garland, Texas (Curtis Culwell Center)	2013-11-11	SMU	Rhode Island
79	255	178	W	68	50	31	18	37	32	f	Raymond Styons,Michael Roberts,Bill Covington,Jr.	5390	McCamish Pavilion, Atlanta, Ga.	2013-11-11	Georgia Tech	Delaware St.
147	90	466	L	58	60	32	23	26	37	f	Bill Vinovich,Daryl Gelinas,Jeff Wooten	1502	San Luis Obispo, CA (Mott Athletics Ctr)	2013-11-12	Cal Poly	Nevada
110	107	183	W	77	50	35	18	42	32	f	David Hall,Shawn Lehigh,Deron White	4930	Berkeley, Calif.	2013-11-12	California	Denver
164	110	514	W	91	60	44	24	47	36	f	Chris Rastatter,Eric Curry,Scott Brown	4771	Los Angeles, Calif. (Pauley Pavilion)	2013-11-12	UCLA	Oakland
129	136	315	W	79	75	46	38	33	37	f	Bill Neketis,Dan Dorian,Eric Anderson	897	Chicago, Ill. (Jones Convocation Center)	2013-11-12	Chicago St.	Jacksonville St.
146	14	471	W	71	65	29	33	42	32	f	DJ Carstensen,Sean Hull,Kyle Walter	3141	SEFCU Arena, Albany, N.Y.	2013-11-12	Albany (NY)	NJIT
115	140	490	W	68	57	35	35	33	22	f	Gary Maxwell,James Breeding,Clarence Armstrong	7028	Fifth Third Arena (Cincinnati, Ohio)	2013-11-12	Cincinnati	North Carolina St.
137	158	381	L	70	71	35	38	35	33	f	Tim Kelly,David Walker,Ralph Bretz	1277	New York (Levien Gymnasium)	2013-11-12	Columbia	Manhattan
130	193	328	L	83	94	42	40	41	54	f	Mike Stuart,Bryan Kersey,Ray Natili	22711	United Center     Chicago, IL	2013-11-12	Duke	Kansas
123	244	1092	W	75	64	37	29	38	35	f	Mick Fieldbinder,Coy Gammon,John Heatly	1043	Greenville, S.C. (Timmons Arena)	2013-11-12	Furman	Gardner-Webb
136	249	380	W	108	81	56	46	52	35	f	Evon Burroughs,Paul Huovinen,Haywood Bostic	1448	Charles E. Smith Center; Washington, DC	2013-11-12	George Washington	Maine
118	2699	219	L	78	84	38	44	40	40	f	Kyle Ingram (R),Jeff Albright,Kyle Smith	1215	Indianapolis, Ind. (The Jungle)	2013-11-12	IUPUI	Evansville
111	27	115	L	66	73	21	37	45	36	f	Frankie Bordeaux,Billy Dunlap and Joey Richardson	1482	Boone, N.C. (Holmes Center)	2013-11-12	Appalachian St.	Campbell
148	277	472	L	88	95	37	46	51	49	f	Tondy Padilla,Andy Cohn,Donn Berdahl	5495	Stan Sheriff Center - Honolulu, HI	2013-11-12	Hawaii	New Mexico St.
140	28	414	W	90	54	41	18	49	36	f	Mike Reed,Gregory Nixon,Michael Greenstein	4796	Tempe, Ariz. (Wells Fargo Arena)	2013-11-12	Arizona St.	Miami (OH)
119	28755	272	W	65	51	27	26	38	25	f	Freddie Williams,Marc Ellard,Lee Cassell	4525	Alico Arena (Fort Myers, FL)	2013-11-12	FGCU	Hartford
126	299	191	L	70	78	30	34	40	44	f	Louie Andrakakos,Jacyn Goble,Ron Tyburski	4313	Doug Collins Court at Redbird Arena	2013-11-12	Illinois St.	Drexel
127	306	361	W	73	72	33	36	40	36	f	Guy Pagano,Tom Courtney,Andrew Maira	17472	Bloomington, Ind. (Assembly Hall)	2013-11-12	Indiana	LIU Brooklyn
106	311	26172	W	80	50	37	24	43	26	f	Larry Spaulding,Terry Davis,Rodrick Dixon	13238	Hilton Coliseum - Ames, Iowa	2013-11-12	Iowa St.	A&M-Corpus Chris
131	334	416	L	74	78	32	44	42	34	f	Ted Valentine,Mike Kitts,Pat Driscoll	22711	United Center     Chicago, IL	2013-11-12	Kentucky	Michigan St.
152	340	562	W	73	67	35	31	38	36	f	Paul Faia,Earl Walton,Justin Porterfield	3229	Philadelphia, Pa. (Tom Gola Arena)	2013-11-12	La Salle	Quinnipiac
133	342	579	L	81	90	39	40	42	50	f	Gary Duda; Michael Berry; Tim Attanasi	1605	Easton, Pa. -- Kirby Sports Center	2013-11-12	Lafayette	Robert Morris
134	346	248	L	54	68	29	37	25	31	f	Tony Crisp,Forrest Sigler,Chuck Jones	3984	Montagne Center - Beaumont, TX	2013-11-12	Lamar	George Mason
153	352	576	W	92	78	44	25	48	53	f	Art Jackson,Brandon Cruz,Michael Kelly	1042	Stabler Arena - Bethlehem, Pa.	2013-11-12	Lehigh	Rider
124	387	261	W	114	71	52	35	62	36	f	John Gaffney,Wally Rutecki,Tony Chiazza	13372	BMO Harris Bradley Center	2013-11-12	Marquette	Grambling
132	400	365	W	92	90	49	45	43	45	f	Ed Corbett,Mike Nance,W. Alfred Smith	5182	Amherst, Mass. (Mullins Center)	2013-11-12	Massachusetts	LSU
157	418	647	W	93	59	59	23	34	36	f	Gene Steratore,Frank Spencer,Jim Schipper	12707	Crisler Center, Ann Arbor, MI	2013-11-12	Michigan	South Carolina St.
141	428	441	W	84	58	40	26	44	32	f	Bo Boroski,Donnie Eppley,Toby Martinez	10459	Minneapolis, Minn. (Williams Arena)	2013-11-12	Minnesota	Montana
142	434	659	W	72	59	35	34	37	25	f	Antinio Petty,Jeffrey Anderson and Tim Gattis	6794	Columbia, MO (Mizzou Arena)	2013-11-12	Missouri	Southern Ill.
143	439	540	L	73	79	33	41	40	38	f	Ray Perone,Robert Riley,Martin Herrick	2105	West Long Branch, N.J. (the MAC)	2013-11-12	Monmouth	Penn
165	459	196	L	84	85	40	30	44	55	f	Sean Casey,Brent Hampton,Barry Mathis	3217		2013-11-12	UNC Greensboro	East Carolina
174	463	771	W	62	47	36	17	26	30	f	Lamont Simpson,Kelly Pfeifer,Rob Kueneman	14771	Pinnacle Bank Arena (Lincoln, Neb.)	2013-11-12	Nebraska	Western Ill.
166	465	104	L	65	86	29	45	36	41	f	Verne Harris,John Higgins,Mike Scyphers	12242	Tarkanian Court, Thomas & Mack Center	2013-11-12	UNLV	UC Santa Barbara
108	51	648	W	66	64	38	39	28	25	f	Joe DeRosa,Patrick Adams,Don Daily	5706	Ferrell Center; Waco, Texas	2013-11-12	Baylor	South Carolina
149	518	519	W	79	69	40	28	39	41	f	Terry Wymer,Larry Scirotto,Brian Dorsey	17388	Value City Arena (Columbus, Ohio)	2013-11-12	Ohio St.	Ohio
168	521	30024	W	93	40	50	25	43	15	f	Duke Edsall,Keith Kimble,K.C. Ely	7526	Gallagher-Iba Arena * Stillwater, Okla.	2013-11-12	Oklahoma St.	Utah Valley
150	534	109	W	84	79	43	39	41	40	f	Horace Shields,Marc Beasley,Casey McClellan	1862	Stockton, Calif. (Alex G. Spanos Center)	2013-11-12	Pacific	UC Irvine
151	545	96	W	75	54	35	18	40	36	f	Brian O'Connell (R),Lamar Simpson,Bob Testa	8543	Petersen Events Center, Pittsburgh, PA	2013-11-12	Pittsburgh	Fresno St.
159	574	655	L	62	63	36	22	26	41	f	Rick Hartzell,James Durham,Rick O'Neill	1024	Houston, Texas (Tudor Fieldhouse)	2013-11-12	Rice	Southeastern La.
154	631	630	W	89	77	42	28	47	49	f	Frank Harvey,Ronald Brokenbrough,James Giron	1456	Leavey Center (Santa Clara, Calif.)	2013-11-12	Santa Clara	San Jose St.
158	651	61	W	91	65	38	29	53	36	f	Bert Smith,Darron George,Matt Potter	3549	Tampa, Fla. (Sun Dome)	2013-11-12	South Fla.	Bethune-Cookman
161	670	676	L	57	64	28	30	29	34	f	Alan Spainhour,Shannon Cain,Dan Stryffeler	2372	San Marcos, Texas	2013-11-12	Texas St.	Stephen F. Austin
139	671	402	W	92	66	41	38	51	28	f	Vladamir Voyard-Tadal,Brad Ferrie,Alan Cosby	3071	Cajundome (Lafayette, La.)	2013-11-12	La.-Lafayette	McNeese St.
122	688	236	W	89	74	46	21	43	53	f	Les Jones,Joe Lindsay,Jeff Clark	22667	Carrier Dome, Syracuse, N.Y.	2013-11-12	Syracuse	Fordham
135	698	363	L	79	82	27	40	52	42	f	Tom Eades,Byron Jarrett,Rick Randall	4067	Daniel-Meyer Coliseum (Fort Worth, TX)	2013-11-12	TCU	Longwood
163	702	625	W	88	75	41	34	47	41	f		1239	Arlington, Texas (College Park Center)	2013-11-12	Texas-Arlington	Samford
156	703	646	W	84	77	31	45	53	32	f	Terry Oglesby,Jeff Smith,Pat Boeh	7193	Austin, Tx (Erwin Center)	2013-11-12	Texas	South Ala.
144	711	446	W	95	75	48	31	47	44	f	William Humes,Tim Ebersole,Jeremy Mosier	2874	Towson, Md. (SECU Arena)	2013-11-12	Towson	Morgan St.
112	72	129	W	80	70	39	28	41	42	f	Gerry Pollard,Bob Staffen,Randy Heimerman	6334	Peoria, Ill. - Carver Arena	2013-11-12	Bradley	Central Mich.
167	731	667	W	90	57	46	26	44	31	f	R - Tommy Nunez,U1 - D.G. Nelson,U2 - Doran Gotschall	9540	Dee Glen Smith Spectrum	2013-11-12	Utah St.	Southern Utah
170	736	254	W	86	80	35	34	51	46	f	Anthony Jordan,Glenn Tuitt,Patrick Evans	8241	Nashville, Tenn. (Memorial Gym)	2013-11-12	Vanderbilt	Georgia St.
171	738	639	W	77	66	32	29	45	37	f	John Hughes,Bill McCarthy,Harkeem Dixon	2212	Patrick Gym - Burlington, Vt.	2013-11-12	Vermont	Siena
173	742	768	W	87	82	36	41	51	41	f	Karl Hess,Roger Ayers,Raymond Styons	5049	Cassell Coliseum, Blacksburg, Va.	2013-11-12	Virginia Tech	West Virginia
172	746	740	L	56	59	26	24	30	35	f	Jamie Luckie (R),Mike Eades,Tony Greene	13881	Charlottesville, Va. (JPJ)	2013-11-12	Virginia	VCU
169	749	741	W	98	71	44	31	54	40	f	Sean Casady,Bernard Clinton,Jerry Heater	5581	Winston-Salem, N.C. - Joel Coliseum	2013-11-12	Wake Forest	VMI
175	786	355	W	84	72	34	32	50	40	f	Tim Comer,Scott Arbogast,Michael Luckie	2250	Williamsburg, Va. (Kaplan Arena)	2013-11-12	William & Mary	Liberty
121	796	235	W	59	53	29	26	30	27	f	Jim Burr,Mark Whitehead,Tim Clougherty	17249	Kohl Center - Madison, Wisconsin	2013-11-12	Wisconsin	Florida
162	812	694	W	67	63	27	20	40	43	f	Michael Stephens,Mike Roberts,Doug Shows	9878	Cincinnati, Ohio (Cintas Center)	2013-11-12	Xavier	Tennessee
113	1014	458	W	83	82	38	49	45	33	f	Tim Nestor,Dwayne Gladden and John Gwynn	3752	TD Arena - Charleston, S.C.	2013-11-12	Col. of Charleston	Charlotte
\.


--
-- Name: games_id_seq; Type: SEQUENCE SET; Schema: public; Owner: seth
--

SELECT pg_catalog.setval('games_id_seq', 297, true);


--
-- Data for Name: raw_teams; Type: TABLE DATA; Schema: public; Owner: seth
--

COPY raw_teams (id, yearid, ncaaid, statsheet, ncaa, espn_name, espn, cbs1, cbs2) FROM stdin;
1	1	32	arkansas-little-rock	UALR	AR-Little Rock	2031	ARKLR	arkansas-little-rock
2	1	2678	arkansas-pine-bluff	Ark.-Pine Bluff	AR-Pine Bluff	2029	ARKPB	arkansas-pine-bluff
3	1	2	abilene-christian	Abilene Christian	Abilene Christian	2000	ABIL	abilene-christian
4	1	721	air-force	Air Force	Air Force	2005	AF	air-force
5	1	5	akron	Akron	Akron	2006	AKRON	akron
6	1	8	alabama	Alabama	Alabama	333	BAMA	alabama
7	1	6	alabama-am	Alabama A&M	Alabama A&M;	2010	ALAM	alabama-am
8	1	7	alabama-state	Alabama St.	Alabama State	2011	ALST	alabama-state
9	1	14	albany	Albany (NY)	Albany	399	ALBANY	albany
10	1	17	alcorn-state	Alcorn	Alcorn State	2016	ALCORN	alcorn-state
11	1	23	american-university	American	American U	44	AMER	american
12	1	27	appalachian-state	Appalachian St.	Appalachian St	2026	APPST	appalachian-state
13	1	29	arizona	Arizona	Arizona	12	ARIZ	arizona
14	1	28	arizona-state	Arizona St.	Arizona State	9	ARIZST	arizona-state
15	1	31	arkansas	Arkansas	Arkansas	8	ARK	arkansas
16	1	30	arkansas-state	Arkansas St.	Arkansas State	2032	ARKST	arkansas-state
17	1	725	army	Army	Army	349	ARMY	army
18	1	37	auburn	Auburn	Auburn	2	AUBURN	auburn
19	1	43	austin-peay	Austin Peay	Austin Peay	2046	PEAY	austin-peay
20	1	77	brigham-young	BYU	BYU	252	BYU	brigham-young
21	1	47	ball-state	Ball St.	Ball State	2050	BALLST	ball-state
22	1	51	baylor	Baylor	Baylor	239	BAYLOR	baylor
23	1	14927	belmont	Belmont	Belmont	2057	BELMONT	belmont
24	1	61	bethune-cookman	Bethune-Cookman	Bethune-Cookman	2065	BCU	bethune-cookman
25	1	62	binghamton	Binghamton	Binghamton	2066	BING	binghamton
26	1	66	boise-state	Boise St.	Boise State	68	BOISE	boise-state
27	1	67	boston-college	Boston College	Boston College	103	BC	boston-college
28	1	68	boston-university	Boston U.	Boston U	104	BU	boston-university
29	1	71	bowling-green	Bowling Green	Bowling Green	189	BGREEN	bowling-green
30	1	72	bradley	Bradley	Bradley	71	BRAD	bradley
31	1	80	brown	Brown	Brown	225	BROWN	brown
32	1	81	bryant	Bryant	Bryant	2803	BRYANT	bryant-university
33	1	83	bucknell	Bucknell	Bucknell	2083	BUCK	bucknell
34	1	86	buffalo	Buffalo	Buffalo	2084	BUFF	buffalo
35	1	87	butler	Butler	Butler	2086	BUTLER	butler
36	1	97	cal-state-fullerton	Cal St. Fullerton	CS Fullerton	2239	CSFULL	cal-state-fullerton
37	1	101	cal-state-northridge	Cal St. Northridge	CS Northridge	2463	CSN	northridge
38	1	94	cal-state-bakersfield	Bakersfield	CSU Bakersfield	2934	CSBAK	cal-state-bakersfield
39	1	90	cal-poly	Cal Poly	Cal Poly	13	CPOLY	cal-poly
40	1	107	california	California	California	25	CAL	california
41	1	115	campbell	Campbell	Campbell	2097	CAMP	campbell
42	1	116	canisius	Canisius	Canisius	2099	CAN	canisius
43	1	1004	central-arkansas	Central Ark.	Cent Arkansas	2110	CARK	central-arkansas
44	1	127	central-connecticut-state	Central Conn. St.	Cent Conn St	2115	CCTST	central-connecticut-state
45	1	129	central-michigan	Central Mich.	Cent Michigan	2117	CMICH	central-michigan
46	1	48	charleston-southern	Charleston So.	Charl Southern	2127	CHARSO	charleston-southern
47	1	1014	college-of-charleston	Col. of Charleston	Charleston	232	CHARLS	college-of-charleston
48	1	458	north-carolina-charlotte	Charlotte	Charlotte	2429	CHARLO	charlotte
49	1	693	chattanooga	Chattanooga	Chattanooga	236	CHATT	chattanooga
50	1	136	chicago-state	Chicago St.	Chicago State	2130	CHIST	chicago-state
51	1	140	cincinnati	Cincinnati	Cincinnati	2132	CINCY	cincinnati
52	1	147	clemson	Clemson	Clemson	228	CLEM	clemson
53	1	148	cleveland-state	Cleveland St.	Cleveland State	325	CLEVST	cleveland-state
54	1	149	coastal-carolina	Coastal Caro.	Coast Carolina	324	CSTCAR	coastal-carolina
55	1	153	colgate	Colgate	Colgate	2142	COLG	colgate
56	1	157	colorado	Colorado	Colorado	38	COLO	colorado
57	1	156	colorado-state	Colorado St.	Colorado State	36	COLOST	colorado-state
58	1	158	columbia	Columbia	Columbia	171	CLMB	columbia
59	1	164	connecticut	UConn	Connecticut	41	UCONN	connecticut
60	1	165	coppin-state	Coppin St.	Coppin State	2154	COPPST	coppin-state
61	1	167	cornell	Cornell	Cornell	172	CORN	cornell
62	1	169	creighton	Creighton	Creighton	156	CREIGH	creighton
63	1	172	dartmouth	Dartmouth	Dartmouth	159	DART	dartmouth
64	1	173	davidson	Davidson	Davidson	2166	DAVID	davidson
65	1	175	dayton	Dayton	Dayton	2168	DAYTON	dayton
66	1	176	depaul	DePaul	DePaul	305	DEPAUL	depaul
67	1	180	delaware	Delaware	Delaware	48	DEL	delaware
68	1	178	delaware-state	Delaware St.	Delaware State	2169	DELST	delaware-state
69	1	183	denver	Denver	Denver	2172	DENVER	denver
70	1	184	detroit	Detroit	Detroit	2174	DTROIT	detroit
71	1	189	drake	Drake	Drake	2181	DRAKE	drake
72	1	191	drexel	Drexel	Drexel	2182	DREXEL	drexel
73	1	193	duke	Duke	Duke	150	DUKE	duke
74	1	194	duquesne	Duquesne	Duquesne	2184	DUQ	duquesne
75	1	201	eastern-illinois	Eastern Ill.	E Illinois	2197	EILL	eastern-illinois
76	1	202	eastern-kentucky	Eastern Ky.	E Kentucky	2198	EKY	eastern-kentucky
77	1	204	eastern-michigan	Eastern Mich.	E Michigan	2199	EMICH	eastern-michigan
78	1	207	eastern-washington	Eastern Wash.	E Washington	331	EWASH	eastern-washington
79	1	196	east-carolina	East Carolina	East Carolina	151	ECU	east-carolina
80	1	198	east-tennessee-state	East Tenn. St.	East Tenn St	2193	ETNST	e-tennessee-state
81	1	1068	elon	Elon	Elon	2210	ELON	elon
82	1	219	evansville	Evansville	Evansville	339	EVAN	evansville
83	1	231	florida-international	FIU	FIU	2229	FIU	florida-international
84	1	222	fairleigh-dickinson	Fairleigh Dickinson	Fair Dickinson	161	FDU	fairleigh-dickinson
85	1	220	fairfield	Fairfield	Fairfield	2217	FAIR	fairfield
86	1	235	florida	Florida	Florida	57	FLA	florida
87	1	228	florida-am	Florida A&M	Florida A&M;	50	FAMU	florida-am
88	1	229	florida-atlantic	Fla. Atlantic	Florida Atl	2226	FAU	florida-atlantic
89	1	28755	florida-gulf-coast	FGCU	Florida Gulf Coast	526	FGC	florida-gulf-coast
90	1	234	florida-state	Florida St.	Florida State	52	FSU	florida-state
91	1	236	fordham	Fordham	Fordham	2230	FORD	fordham
92	1	96	fresno-state	Fresno St.	Fresno State	278	FRESNO	fresno-state
93	1	244	furman	Furman	Furman	231	FURMAN	furman
94	1	249	george-washington	George Washington	G. Washington	45	GWASH	george-washington
95	1	253	georgia-southern	Ga. Southern	Ga. Southern	290	GASOU	georgia-southern
96	1	1092	gardner-webb	Gardner-Webb	Gardner-Webb	2241	GWEBB	gardner-webb
97	1	248	george-mason	George Mason	George Mason	2244	GMASON	george-mason
98	1	251	georgetown	Georgetown	Georgetown	46	GTOWN	georgetown
99	1	257	georgia	Georgia	Georgia	61	UGA	georgia
100	1	254	georgia-state	Georgia St.	Georgia State	2247	GAST	georgia-state
101	1	255	georgia-tech	Georgia Tech	Georgia Tech	59	GATECH	georgia-tech
102	1	260	gonzaga	Gonzaga	Gonzaga	2250	GONZAG	gonzaga
103	1	261	grambling-state	Grambling	Grambling St	2755	GRAM	grambling
104	1	1104	grand-canyon	Grand Canyon	Grand Canyon	2253	GC	grand-canyon
105	1	794	wisconsin-green-bay	Green Bay	Green Bay	2739	WISGB	green-bay
106	1	270	hampton	Hampton	Hampton	2261	HAMP	hampton
107	1	272	hartford	Hartford	Hartford	42	HARTFD	hartford
108	1	275	harvard	Harvard	Harvard	108	HARV	harvard
109	1	277	hawaii	Hawaii	Hawaii	62	HAWAII	hawaii
110	1	19651	high-point	High Point	High Point	2272	HIGHPT	high-point
111	1	283	hofstra	Hofstra	Hofstra	2275	HOFSTRA	hofstra
112	1	285	holy-cross	Holy Cross	Holy Cross	107	HOLY	holy-cross
113	1	288	houston	Houston	Houston	248	HOU	houston
114	1	287	houston-baptist	Houston Baptist	Houston Baptist	2277	HOUBP	houston-baptist
115	1	290	howard	Howard	Howard	47	HOW	howard
116	1	308	iupu-fort-wayne	IPFW	IPFW	2870	IPFW	ipfw
117	1	2699	iupui	IUPUI	IUPUI	85	IUPUI	iupui
118	1	295	idaho	Idaho	Idaho	70	IDAHO	idaho
119	1	294	idaho-state	Idaho St.	Idaho State	304	IDST	idaho-state
120	1	301	illinois	Illinois	Illinois	356	ILL	illinois
121	1	299	illinois-state	Illinois St.	Illinois State	2287	ILLST	illinois-state
122	1	2743	incarnate-word	Incarnate Word	Incarnate Word	2916	UIW	incarnate-word
123	1	306	indiana	Indiana	Indiana	84	IND	indiana
124	1	305	indiana-state	Indiana St.	Indiana State	282	INDST	indiana-state
125	1	310	iona	Iona	Iona	314	IONA	iona
126	1	312	iowa	Iowa	Iowa	2294	IOWA	iowa
127	1	311	iowa-state	Iowa St.	Iowa State	66	IOWAST	iowa-state
128	1	314	jackson-state	Jackson St.	Jackson State	2296	JACKST	jackson-state
129	1	316	jacksonville	Jacksonville	Jacksonville	294	JVILLE	jacksonville
130	1	315	jacksonville-state	Jacksonville St.	Jacksonville St	55	JAXST	jacksonville-state
131	1	317	james-madison	James Madison	James Madison	256	JMAD	james-madison
132	1	328	kansas	Kansas	Kansas	2305	KANSAS	kansas
133	1	327	kansas-state	Kansas St.	Kansas State	2306	KSTATE	kansas-state
134	1	1157	kennesaw-state	Kennesaw St.	Kennesaw State	338	KENSAW	kennesaw-state
135	1	331	kent-state	Kent St.	Kent State	2309	KENTST	kent-state
136	1	334	kentucky	Kentucky	Kentucky	96	UK	kentucky
137	1	671	louisiana-lafayette	La.-Lafayette	LA-Lafayette	322	LALAF	louisiana-lafayette
138	1	361	long-island	LIU Brooklyn	LIU Brooklyn	2341	LIU	liu-brooklyn
139	1	365	lsu	LSU	LSU	99	LSU	lsu
140	1	340	la-salle	La Salle	La Salle	2325	LSALLE	la-salle
141	1	342	lafayette	Lafayette	Lafayette	309	LAFAY	lafayette
142	1	346	lamar	Lamar	Lamar	2320	LAMAR	lamar
143	1	352	lehigh	Lehigh	Lehigh	2329	LEHIGH	lehigh
144	1	355	liberty	Liberty	Liberty	2335	LIB	liberty
145	1	28600	lipscomb	Lipscomb	Lipscomb	288	LPSCMB	lipscomb
146	1	99	long-beach-state	Long Beach St.	Long Beach St	299	LNGBCH	long-beach-state
147	1	363	longwood	Longwood	Longwood	2344	LONGWD	longwood
148	1	366	louisiana-tech	Louisiana Tech	Louisiana Tech	2348	LATECH	louisiana-tech
149	1	367	louisville	Louisville	Louisville	97	LVILLE	louisville
150	1	371	loyola-il	Loyola Chicago	Loyola (IL)	2350	LOYCHI	loyola-chicago
151	1	369	loyola-md	Loyola Maryland	Loyola (MD)	2352	LOYMD	loyola-maryland
152	1	370	loyola-marymount	Loyola Marymount	Loyola Mary	2351	LOYMRY	loyola-marymount
153	1	393	maryland-eastern-shore	UMES	MD-E Shore	2379	UMEs	maryland-eastern-shore
154	1	380	maine	Maine	Maine	311	MAINE	maine
155	1	381	manhattan	Manhattan	Manhattan	2363	MANH	manhattan
156	1	386	marist	Marist	Marist	2368	MARIST	marist
157	1	387	marquette	Marquette	Marquette	269	MARQET	marquette
158	1	388	marshall	Marshall	Marshall	276	MRSHL	marshall
159	1	392	maryland	Maryland	Maryland	120	MD	maryland
160	1	400	massachusetts	Massachusetts	Massachusetts	113	UMASS	massachusetts
161	1	402	mcneese-state	McNeese St.	McNeese State	2377	MCNSE	mcneese-state
162	1	404	memphis	Memphis	Memphis	235	MEMP	memphis
163	1	406	mercer	Mercer	Mercer	2382	MERCER	mercer
164	1	415	miami-fl	Miami (FL)	Miami (FL)	2390	MIAMI	miami-fla
165	1	414	miami-oh	Miami (OH)	Miami (OH)	193	MIAOH	miami-ohio
166	1	418	michigan	Michigan	Michigan	130	MICH	michigan
167	1	416	michigan-state	Michigan St.	Michigan State	127	MICHST	michigan-state
168	1	419	middle-tennessee-state	Middle Tenn.	Middle Tennessee	2393	MTSU	middle-tennessee
169	1	797	wisconsin-milwaukee	Milwaukee	Milwaukee	270	MILW	wisconsin-milwaukee
170	1	428	minnesota	Minnesota	Minnesota	135	MINN	minnesota
171	1	432	mississippi-valley-state	Mississippi Val.	Miss Valley St	2400	MVSU	mississippi-valley-state
172	1	430	mississippi-state	Mississippi St.	Mississippi St	344	MISSST	mississippi-state
173	1	434	missouri	Missouri	Missouri	142	MIZZOU	missouri
174	1	669	missouri-state	Missouri St.	Missouri State	2623	MOST	missouri-state
175	1	439	monmouth	Monmouth	Monmouth	2405	MNMTH	monmouth
176	1	441	montana	Montana	Montana	149	MNTNA	montana
177	1	440	montana-state	Montana St.	Montana State	147	MONST	montana-state
178	1	444	morehead-state	Morehead St.	Morehead State	2413	MOREHD	morehead-state
179	1	446	morgan-state	Morgan St.	Morgan State	2415	MORGAN	morgan-state
180	1	450	mount-st-marys	Mt. St. Mary's	Mount St Mary's	116	MOUNT	mount-st-marys
181	1	454	murray-state	Murray St.	Murray State	93	MURYST	murray-state
182	1	501	northern-arizona	Northern Ariz.	N Arizona	2464	NAU	northern-arizona
183	1	488	north-carolina-at	N.C. A&T	N Carolina A&T;	2448	NCAT	north-carolina-at
185	1	502	northern-colorado	Northern Colo.	N Colorado	2458	NCOLO	northern-colorado
186	1	503	northern-illinois	Northern Ill.	N Illinois	2459	NILL	northern-illinois
187	1	471	new-jersey-tech	NJIT	N.J.I.T.	2885	NJTECH	new-jersey-tech
188	1	490	north-carolina-state	North Carolina St.	NC State	152	NCST	north-carolina-state
189	1	726	navy	Navy	Navy	2426	NAVY	navy
190	1	463	nebraska	Nebraska	Nebraska	158	NEB	nebraska
191	1	466	nevada	Nevada	Nevada	2440	NEVADA	nevada
192	1	469	new-hampshire	New Hampshire	New Hampshire	160	NH	new-hampshire
193	1	473	new-mexico	New Mexico	New Mexico	167	NMEX	new-mexico
194	1	472	new-mexico-state	New Mexico St.	New Mexico St	166	NMEXST	new-mexico-state
195	1	474	new-orleans	New Orleans	New Orleans	2443	NORL	new-orleans
196	1	482	niagara	Niagara	Niagara	315	NIAGARA	niagara
197	1	483	nicholls-state	Nicholls St.	Nicholls State	2447	NICHST	nicholls-state
198	1	485	norfolk-state	Norfolk St.	Norfolk State	2450	NORFLK	norfolk-state
199	1	457	north-carolina	North Carolina	North Carolina	153	UNC	north-carolina
200	1	494	north-dakota	North Dakota	North Dakota	155	NDAK	north-dakota
201	1	493	north-dakota-state	North Dakota St.	North Dakota St	2449	NDAKST	north-dakota-state
202	1	2711	north-florida	North Florida	North Florida	2454	UNF	north-florida
203	1	497	north-texas	North Texas	North Texas	249	NTEXAS	north-texas
204	1	500	northeastern	Northeastern	Northeastern	111	NEAST	northeastern
205	1	504	northern-iowa	UNI	Northern Iowa	2460	NIOWA	northern-iowa
206	1	505	northern-kentucky	Northern Ky.	Northern Kentucky	94	NKY	northern-kentucky
207	1	509	northwestern	Northwestern	Northwestern	77	NWEST	northwestern
208	1	508	northwestern-state	Northwestern St.	Northwestern St	2466	NWST	northwestern-state
209	1	513	notre-dame	Notre Dame	Notre Dame	87	ND	notre-dame
210	1	514	oakland	Oakland	Oakland	2473	OAK	oakland
211	1	519	ohio	Ohio	Ohio	195	OHIO	ohio
212	1	518	ohio-state	Ohio St.	Ohio State	194	OHIOST	ohio-state
213	1	522	oklahoma	Oklahoma	Oklahoma	201	OKLA	oklahoma
214	1	521	oklahoma-state	Oklahoma St.	Oklahoma State	197	OKLAST	oklahoma-state
215	1	523	old-dominion	Old Dominion	Old Dominion	295	ODU	old-dominion
216	1	433	mississippi	Ole Miss	Ole Miss	145	MISS	ole-miss
217	1	464	nebraska-omaha	Omaha	Omaha	2437	NEBOM	nebraska-omaha
218	1	527	oral-roberts	Oral Roberts	Oral Roberts	198	ORAL	oral-roberts
219	1	529	oregon	Oregon	Oregon	2483	OREG	oregon
220	1	528	oregon-state	Oregon St.	Oregon State	204	OREGST	oregon-state
221	1	553	prairie-view-am	Prairie View	PV A&M;	2504	PVAM	prairie-view-am
222	1	534	pacific	Pacific	Pacific	279	UOP	pacific
223	1	539	penn-state	Penn St.	Penn State	213	PSU	penn-state
224	1	540	pennsylvania	Penn	Pennsylvania	219	PENN	pennsylvania
225	1	541	pepperdine	Pepperdine	Pepperdine	2492	PEPPER	pepperdine
226	1	545	pittsburgh	Pittsburgh	Pittsburgh	221	PITT	pittsburgh
227	1	551	portland	Portland	Portland	2501	PORT	portland
228	1	550	portland-state	Portland St.	Portland State	2502	PORTST	portland-state
229	1	1320	presbyterian	Presbyterian	Presbyterian	2506	PRESBY	presbyterian
230	1	554	princeton	Princeton	Princeton	163	PRINCE	princeton
231	1	556	providence	Providence	Providence	2507	PROV	providence
232	1	559	purdue	Purdue	Purdue	2509	PURDUE	purdue
233	1	562	quinnipiac	Quinnipiac	Quinnipiac	2514	QUINN	quinnipiac
234	1	563	radford	Radford	Radford	2515	RADFRD	radford
235	1	572	rhode-island	Rhode Island	Rhode Island	227	RI	rhode-island
236	1	574	rice	Rice	Rice	242	RICE	rice
237	1	575	richmond	Richmond	Richmond	257	RICH	richmond
238	1	576	rider	Rider	Rider	2520	RIDER	rider
239	1	579	robert-morris	Robert Morris	Robert Morris	2523	ROBERT	robert-morris
240	1	587	rutgers	Rutgers	Rutgers	164	RUT	rutgers
241	1	647	south-carolina-state	South Carolina St.	S Carolina St	2569	SCST	south-carolina-state
242	1	659	southern-illinois	Southern Ill.	S Illinois	79	SILL	southern-illinois
243	1	655	southeastern-louisiana	Southeastern La.	SE Louisiana	2545	SELOU	southeastern-louisiana
244	1	654	southeast-missouri-state	Southeast Mo. St.	SE Missouri St	2546	SEMO	southeast-missouri-state
245	1	676	stephen-f-austin	Stephen F. Austin	SF Austin	2617	SFA	stephen-f-austin
246	1	660	siu-edwardsville	SIU Edwardsville	SIU Edwardsville	2565	SIUE	siu-edwardsville
247	1	663	southern-methodist	SMU	SMU	2567	SMU	southern-methodist
248	1	102	sacramento-state	Sacramento St.	Sacramento St	16	SACST	sacramento-state
249	1	590	sacred-heart	Sacred Heart	Sacred Heart	2529	SACHRT	sacred-heart
250	1	606	st-josephs-pa	Saint Joseph's	Saint Joseph's	2603	STJOES	saint-josephs
251	1	609	saint-louis	Saint Louis	Saint Louis	139	STLOU	saint-louis
252	1	610	saint-marys	St. Mary's (CA)	Saint Mary's	2608	MARYCA	st-marys
253	1	624	sam-houston-state	Sam Houston St.	Sam Houston	2534	SAMHOU	sam-houston-state
254	1	625	samford	Samford	Samford	2535	SAMFORD	samford
255	1	627	san-diego	San Diego	San Diego	301	USD	san-diego
256	1	626	san-diego-state	San Diego St.	San Diego State	21	SDGST	san-diego-state
257	1	629	san-francisco	San Francisco	San Francisco	2539	SANFRAN	san-francisco
258	1	630	san-jose-state	San Jose St.	San Jose State	23	SJST	san-jose-state
259	1	631	santa-clara	Santa Clara	Santa Clara	2541	SNCLRA	santa-clara
260	1	632	savannah-state	Savannah St.	Savannah State	2542	SAV	savannah-state
261	1	1356	seattle	Seattle	Seattle U	2547	SEATTLE	seattle
262	1	635	seton-hall	Seton Hall	Seton Hall	2550	SETON	seton-hall
263	1	639	siena	Siena	Siena	2561	SIENA	siena
264	1	646	south-alabama	South Ala.	South Alabama	6	SALAB	south-alabama
265	1	648	south-carolina	South Carolina	South Carolina	2579	SC	south-carolina
266	1	650	south-dakota	South Dakota	South Dakota	233	SDAK	south-dakota
267	1	649	south-dakota-state	South Dakota St.	South Dakota St	2571	SDAKST	south-dakota-state
268	1	651	south-florida	South Fla.	South Florida	58	SFLA	south-florida
269	1	665	southern-university	Southern U.	Southern	2582	STHRN	southern
270	1	664	southern-miss	Southern Miss.	Southern Miss	2572	USM	southern-miss
271	1	667	southern-utah	Southern Utah	Southern Utah	253	SUTAH	southern-utah
272	1	599	st-francis-ny	St. Francis Brooklyn	St Francis (NY)	2597	STFRAN	st-francis-ny
273	1	600	st-francis-pa	Saint Francis (PA)	St Francis (PA)	2598	SFTRPA	st-francis-pa
274	1	596	st-bonaventure	St. Bonaventure	St. Bonaventure	179	STBON	st-bonaventure
275	1	603	st-johns	St. John's (NY)	St. John's	2599	STJOHN	st-johns
276	1	617	st-peters	Saint Peter's	St. Peter's	2612	STPETE	st-peters
277	1	674	stanford	Stanford	Stanford	24	STNFRD	stanford
278	1	678	stetson	Stetson	Stetson	56	STETSON	stetson
279	1	683	stony-brook	Stony Brook	Stony Brook	2619	STNYBRK	stony-brook
280	1	688	syracuse	Syracuse	Syracuse	183	CUSE	syracuse
281	1	698	texas-christian	TCU	TCU	2628	TCU	tcu
282	1	702	texas-arlington	Texas-Arlington	TX-Arlington	250	TXARL	texas-arlington
283	1	536	texas-pan-american	Tex.-Pan American	TX-Pan American	292	TEXPA	texas-pan-american
284	1	690	temple	Temple	Temple	218	TEMPLE	temple
285	1	694	tennessee	Tennessee	Tennessee	2633	TENN	tennessee
286	1	691	tennessee-state	Tennessee St.	Tennessee St	2634	TNST	tennessee-state
287	1	692	tennessee-tech	Tennessee Tech	Tennessee Tech	2635	TNTECH	tennessee-tech
288	1	703	texas	Texas	Texas	251	TEXAS	texas
289	1	26172	texas-am-corpus-christi	A&M-Corpus Chris	Texas A&M-CC;	357	TXAMCC	texas-am-corpus-christi
290	1	697	texas-am	Texas A&M	Texas A&M;	245	TEXAM	texas-am
291	1	699	texas-southern	Texas Southern	Texas Southern	2640	TEXSO	texas-southern
292	1	670	texas-state	Texas St.	Texas State	326	TEXST	texas-state-san-marcos
293	1	700	texas-tech	Texas Tech	Texas Tech	2641	TXTECH	texas-tech
294	1	141	citadel	Citadel	The Citadel	2643	CIT	the-citadel
295	1	709	toledo	Toledo	Toledo	2649	TOLEDO	toledo
296	1	711	towson	Towson	Towson	119	TOWSON	towson
297	1	716	troy	Troy	Troy	2653	TROY	troy
298	1	718	tulane	Tulane	Tulane	2655	TULANE	tulane
299	1	719	tulsa	Tulsa	Tulsa	202	TULSA	tulsa
300	1	9	uab	UAB	UAB	5	UAB	uab
301	1	108	california-davis	UC Davis	UC Davis	302	UCDAV	california-davis
302	1	109	california-irvine	UC Irvine	UC Irvine	300	UCIRV	california-irvine
303	1	111	california-riverside	UC Riverside	UC Riverside	27	UCRIV	california-riverside
304	1	104	california-santa-barbara	UC Santa Barbara	UC Santa Barbara	2540	UCSB	santa-barbara
305	1	128	central-florida	UCF	UCF	2116	UCF	ucf
306	1	110	ucla	UCLA	UCLA	26	UCLA	ucla
307	1	302	illinois-chicago	Ill.-Chicago	UIC	82	ILLCHI	illinois-chicago
308	1	498	louisiana-monroe	La.-Monroe	UL Monroe	2433	LAMON	louisiana-monroe
309	1	391	maryland-baltimore-county	UMBC	UMBC	2378	UMBC	maryland-baltimore-county
310	1	2707	missouri-kansas-city	UMKC	UMKC	140	UMKC	umkc
311	1	368	umass-lowell	UMass Lowell	UMass Lowell	2349	MASLOW	umass-lowell
312	1	456	north-carolina-asheville	UNC Asheville	UNC Asheville	2427	NCASHV	nc-asheville
313	1	459	north-carolina-greensboro	UNC Greensboro	UNC Greensboro	2430	NCGRN	nc-greensboro
314	1	460	north-carolina-wilmington	UNC Wilmington	UNC-Wilmington	350	NCWILM	nc-wilmington
315	1	465	unlv	UNLV	UNLV	2439	UNLV	unlv
316	1	657	southern-california	Southern California	USC	30	USC	southern-california
317	1	10411	usc-upstate	USC Upstate	USC Upstate	2908	USCUP	south-carolina-upstate
318	1	695	tennessee-martin	UT Martin	UT Martin	2630	TNMART	ut-martin
319	1	704	texas-el-paso	UTEP	UTEP	2638	UTEP	texas-el-paso
320	1	706	texas-san-antonio	UTSA	UTSA	2636	TXSA	texas-san-antonio
321	1	732	utah	Utah	Utah	254	UTAH	utah
322	1	731	utah-state	Utah St.	Utah State	328	UTAHST	utah-state
323	1	30024	utah-valley-state	Utah Valley	Utah Valley	3084	UTVALL	utah-valley
324	1	740	virginia-commonwealth	VCU	VCU	2670	VCU	virginia-commonwealth
325	1	741	virginia-military-institute	VMI	VMI	2678	VMI	vmi
326	1	735	valparaiso	Valparaiso	Valparaiso	2674	VALPO	valparaiso
327	1	736	vanderbilt	Vanderbilt	Vanderbilt	238	VANDY	vanderbilt
328	1	738	vermont	Vermont	Vermont	261	UVM	vermont
329	1	739	villanova	Villanova	Villanova	222	NOVA	villanova
330	1	746	virginia	Virginia	Virginia	258	UVA	virginia
331	1	742	virginia-tech	Virginia Tech	Virginia Tech	259	VATECH	virginia-tech
332	1	769	western-carolina	Western Caro.	W Carolina	2717	WCAR	western-carolina
333	1	771	western-illinois	Western Ill.	W Illinois	2710	WILL	western-illinois
334	1	772	western-kentucky	Western Ky.	W Kentucky	98	WKY	western-kentucky
335	1	774	western-michigan	Western Mich.	W Michigan	2711	WMICH	western-michigan
336	1	748	wagner	Wagner	Wagner	2681	WAGNER	wagner
337	1	749	wake-forest	Wake Forest	Wake Forest	154	WAKE	wake-forest
338	1	756	washington	Washington	Washington	264	WASH	washington
339	1	754	washington-state	Washington St.	Washington St	265	WASHST	washington-state
340	1	758	weber-state	Weber St.	Weber State	2692	WEBER	weber-state
341	1	768	west-virginia	West Virginia	West Virginia	277	WVU	west-virginia
342	1	782	wichita-state	Wichita St.	Wichita State	2724	WICHST	wichita-state
343	1	786	william-mary	William & Mary	William & Mary	2729	WMMARY	william-mary
344	1	792	winthrop	Winthrop	Winthrop	2737	WINTHR	winthrop
345	1	796	wisconsin	Wisconsin	Wisconsin	275	WISC	wisconsin
346	1	2915	wofford	Wofford	Wofford	2747	WOFF	wofford
347	1	810	wright-state	Wright St.	Wright State	2750	WRIGHT	wright-state
348	1	811	wyoming	Wyoming	Wyoming	2751	WYO	wyoming
349	1	812	xavier	Xavier	Xavier	2752	XAVIER	xavier
350	1	813	yale	Yale	Yale	43	YALE	yale
351	1	817	youngstown-state	Youngstown St.	Youngstown St	2754	YOUNG	youngstown-state
352	1	489	\N	\N	\N	\N	\N	\N
\.


--
-- Data for Name: raw_teams_year; Type: TABLE DATA; Schema: public; Owner: seth
--

COPY raw_teams_year (id, year) FROM stdin;
1	2014
\.


--
-- Name: box_stats_pkey; Type: CONSTRAINT; Schema: public; Owner: seth; Tablespace: 
--

ALTER TABLE ONLY box_stats
    ADD CONSTRAINT box_stats_pkey PRIMARY KEY (id);


--
-- Name: games_home_team_away_team_dt_key; Type: CONSTRAINT; Schema: public; Owner: seth; Tablespace: 
--

ALTER TABLE ONLY games
    ADD CONSTRAINT games_home_team_away_team_dt_key UNIQUE (home_team, away_team, dt);


--
-- Name: games_pkey; Type: CONSTRAINT; Schema: public; Owner: seth; Tablespace: 
--

ALTER TABLE ONLY games
    ADD CONSTRAINT games_pkey PRIMARY KEY (id);


--
-- Name: raw_teams_pkey; Type: CONSTRAINT; Schema: public; Owner: seth; Tablespace: 
--

ALTER TABLE ONLY raw_teams
    ADD CONSTRAINT raw_teams_pkey PRIMARY KEY (id);


--
-- Name: raw_teams_year_pkey; Type: CONSTRAINT; Schema: public; Owner: seth; Tablespace: 
--

ALTER TABLE ONLY raw_teams_year
    ADD CONSTRAINT raw_teams_year_pkey PRIMARY KEY (id);


--
-- Name: box_stats_gameid_fkey; Type: FK CONSTRAINT; Schema: public; Owner: seth
--

ALTER TABLE ONLY box_stats
    ADD CONSTRAINT box_stats_gameid_fkey FOREIGN KEY (gameid) REFERENCES games(id);


--
-- Name: raw_teams_yearid_fkey; Type: FK CONSTRAINT; Schema: public; Owner: seth
--

ALTER TABLE ONLY raw_teams
    ADD CONSTRAINT raw_teams_yearid_fkey FOREIGN KEY (yearid) REFERENCES raw_teams_year(id);


--
-- Name: public; Type: ACL; Schema: -; Owner: postgres
--

REVOKE ALL ON SCHEMA public FROM PUBLIC;
REVOKE ALL ON SCHEMA public FROM postgres;
GRANT ALL ON SCHEMA public TO postgres;
GRANT ALL ON SCHEMA public TO PUBLIC;


--
-- Name: raw_teams; Type: ACL; Schema: public; Owner: seth
--

REVOKE ALL ON TABLE raw_teams FROM PUBLIC;
REVOKE ALL ON TABLE raw_teams FROM seth;
GRANT ALL ON TABLE raw_teams TO seth;


--
-- PostgreSQL database dump complete
--

